Indicator	Dimension	Granularity	Params	Formalization_fp	Description_fp
Activity count (case granularity)	G	C	\(\mathit{A(c)\)	\(\mathit{count(\mathit{act(c))\)	$\mathit{act(c)$ returns the set of unique activities that occur in case $c$. \\
Activity count (group of cases granularity)	G	G	\(\mathit{A(g)\)	\(\mathit{count(\mathit{act(g))\)	$\mathit{act(g)$ returns the set of unique activities that occur in group of cases $g$. \\
Expected Activity count	G	G	\(\mathit{e\mathit{A(g)\)	\(\frac{\sum _{c \in \mathit{cases(g)} \mathit{A(c)}{\mathit{C(g)}\)	"$\mathit{cases(g)$ returns the set of cases in group of cases $g$.
\newline $\mathit{A(c)$ returns the activity count of case $c$.
\newline $\mathit{C(g)$ returns the case count of group of cases $g$. \\"
activity Instance count (activity granularity)	G	A	\(\mathit{I(a)\)	\(\mathit{count(\mathit{inst(a))\)	$\mathit{inst(a)$ returns the set of instances of activity $a$ that occur in the event log. \\
activity Instance count (case granularity)	G	C	\(\mathit{I(c)\)	\(\mathit{count(\mathit{inst(c))\)	$\mathit{inst(c)$ returns the set of activity instances that occur in case $c$.\\
activity Instance count (group of cases granularity)	G	G	\(\mathit{I(g)\)	\(\sum _{c \in \mathit{cases(g)} \mathit{I(c)\)	"$\mathit{cases(g)$ returns the set of cases in group of cases $g$.
\newline $\mathit{I(c)$ returns the activity instance count of case $c$. \\"
Expected activity Instance count	G	G	\(\mathit{e\mathit{I(g)\)	\(\frac{\mathit{I(g)}{\mathit{C(g)}\)	"$\mathit{I(g)$ returns the activity instance count of group of cases $g$.
\newline $\mathit{C(g)$ returns the case count of group of cases $g$.\\"
Case count (group of cases granularity)	G	G	\(\mathit{C(g)\)	\(\mathit{count(\mathit{cases(g))\)	$\mathit{cases(g)$ returns the set of cases in group of cases $g$. \\
Human Resource count (activity granularity)	G	A	\(\mathit{HR(a)\)	\(\mathit{count(\mathit{hres(a))\)	$\mathit{hres(a)$ returns the set of human resources that perform activity $a$ in the event log. \\
Human Resource count (case granularity)	G	C	\(\mathit{HR(c)\)	\(\mathit{count(\mathit{hres(c))\)	$\mathit{hres(c)$ returns the set of human resources that work in case $c$. \\
Human Resource count (group of cases granularity)	G	G	\(\mathit{HR(g)\)	\(\mathit{count(\mathit{hres(g))\)	$\mathit{hres(g)$ returns the set of human resources that work in group of cases $g$. \\
Expected Human Resource count	G	G	$e$\(\mathit{HR(g)\)	\(\frac{\sum _{c \in \mathit{cases(g)} \mathit{HR(c)}{\mathit{C(g)}\)	"$\mathit{cases(g)$ returns the set of cases in group of cases $g$.
\newline $\mathit{HR(c)$ returns the human resource count of case $c$.
\newline $\mathit{C(g)$ returns the case count of group of cases $g$. \\"
Resource count (activity granularity)	G	A	\(\mathit{R(a)\)	\(\mathit{count(\mathit{res(a))\)	$\mathit{res(a)$ returns the set of resources used for activity $a$ in the event log. \\
Resource count (case granularity)	G	C	\(\mathit{R(c)\)	\(\mathit{count(\mathit{res(c))\)	$\mathit{res(c)$ returns the set of resources used in case $c$. \\
Resource count (group of cases granularity)	G	G	\(\mathit{R(g)\)	\(\mathit{count(\mathit{res(g))\)	$\mathit{res(g)$ returns the set of resources used in group of cases $g$. \\
Expected Resource count	G	G	$e$\(\mathit{R(g)\)	\(\frac{\sum _{c \in \mathit{cases(g)} \mathit{R(c)}{\mathit{C(g)}\)	"$\mathit{cases(g)$ returns the set of cases in group of cases $g$.
\newline $\mathit{R(c)$ returns the resource count of case $c$.
\newline $\mathit{C(g)$ returns the case count of group of cases $g$. \\"
Role count (case granularity)	G	C	\(\mathit{Role(c)\)	\(\mathit{count(\mathit{role(c))\)	$\mathit{role(c)$ returns all roles involved in case $c$. \\
Role count (group of cases granularity)	G	G	\(\mathit{Role(g)\)	\(\mathit{count(\mathit{role(g))\)	$\mathit{role(g)$ returns the set of roles involved in group of cases \(g\). \\
Expected Role count	G	G	\(\mathit{e\mathit{Role(g)\)	\(\frac{\sum_{c \in \mathit{cases(g)} \mathit{Role(c)}{\mathit{C(g)}\)	"$\mathit{cases(g)$ returns the set of cases in group of cases $g$.
\newline $\mathit{Role(c)$ returns the role count of case $c$.
\newline$\mathit{C(g)$ returns the case count of group of cases $g$. \\"
Active Time (case granularity)	T	C	\(\mathit{AT(c)\)	\(\mathit{LT(c) - \mathit{IT(c)\)	"\(\mathit{LT(c)\) returns the Lead Time (time from case start to completion) of case \(c\).
\newline \(\mathit{IT(c)\) returns the Idle Time (total time spent waiting or idle) of case \(c\). \\"
Expected Active Time (group of cases granularity)	T	G	\(\mathit{e\mathit{AT(g)\)	\(\frac{\sum _{c \in g} \mathit{AT(c)}{\mathit{C(g)}\)	"\(\mathit{AT(c)\) returns the Active Time of case \(c\).
\newline \(\mathit{C(g)\) returns the number of cases in group \(g\). \\"
Activity count (case granularity)	T	C	\(\mathit{A(c)\)	\(\mathit{count(\mathit{act(c))\)	"$\mathit{act(c)$ returns the set of unique activities that occur in case $c$.
\\"
Activity count (group of cases granularity)	T	G	\(\mathit{A(g)\)	\(\mathit{count(\mathit{act(g))\)	"$\mathit{act(g)$ returns the set of unique activities that occur in group of cases $g$.
\\"
Expected Activity count	T	G	\(\mathit{e\mathit{A(g)\)	\(\frac{\sum _{c \in \mathit{cases(g)} \mathit{A(c)}{\mathit{C(g)}\)	"$\mathit{cases(g)$ returns the set of cases in group of cases $g$.
\newline $\mathit{A(c)$ returns the activity count of case $c$.
\newline $\mathit{C(g)$ returns the case count of group of cases $g$.
\\"
activity Instance count (case granularity)	T	C	\(\mathit{I(c)\)	\(\mathit{count(\mathit{inst(c))\)	"$\mathit{inst(c)$ returns the set of activity instances that occur in case $c$.
\\"
Activity Instance count (group of cases granularity)	T	G	\(\mathit{I(g)\)	\(\sum_{c \in \mathit{cases(g)} \mathit{I(c)\)	"$\mathit{cases(g)$ returns the set of cases in group of cases $g$.
\newline $\mathit{I(c)$ returns the activity instance count of case $c$.
\\"
Expected Activity Instance count	T	G	\(\mathit{e\mathit{I(g)\)	\(\frac{\mathit{I(g)}{\mathit{C(g)}\)	"$\mathit{I(g)$ returns the activity instance count of group of cases $g$.
\newline $\mathit{C(g)$ returns the case count of group of cases $g$.
\\"
Automated Activity count (case granularity)	T	C	\(\mathit{Auta(c)\)	"\(\sum_{a \in \mathit{act(c)} 
\begin{cases}
1 & \text{if } a \text{ is automated} \\
0 & \text{otherwise}
\end{cases}\)"	$\mathit{act(c)$ returns the set of unique activities that occur in case $c$.\\
Automated Activity count (group of cases granularity)	T	G	\(\mathit{Auta(g)\)	"\(\sum_{a \in \mathit{act(g)} 
\begin{cases}
1 & \text{if } a \text{ is automated} \\
0 & \text{otherwise}
\end{cases}\)"	$\mathit{act(g)$ returns the set of unique activities that occur in group of cases $g$.\\
Expected Automated Activity count	T	G	\(\mathit{e\mathit{Auta(g)\)	\(\frac{\sum_{c \in \mathit{cases(g)} \mathit{Auta(c)}{\mathit{C(g)}\)	"$\mathit{cases(g)$ returns the set of cases in group of cases $g$.
\newline $\mathit{Auta(c)$ returns the automated activity count of case $c$.
\newline $\mathit{C(g)$ returns the case count of group of cases $g$.\\"
Automated activity Instance count (case granularity)	T	C	\(\mathit{Auti(c)\)	"\(\sum_{i \in \mathit{inst(c)}
\begin{cases}
1 & \text{if } \mathit{act(i) \text{ is automated} \\
0 & \text{otherwise}
\end{cases}\)"	"$\mathit{inst(c)$ returns the set of activity instances that occur in case $c$.
\newline $\mathit{act(i)$ returns the activity associated to activity instance $i$.\\"
Automated activity Instance count (group of cases granularity)	T	G	\(\mathit{Auti(g)\)	\(\sum_{c \in \mathit{cases(g)} \mathit{Auti(c)\)	"$\mathit{cases(g)$ returns the set of cases in group of cases $g$.
\newline $\mathit{Auti(c)$ returns the automated activity instance count of case $c$.\\"
Expected Automated Activity Instance Count (group of cases granularity)	T	G	\(\mathit{e\mathit{Auti(g)\)	\(\frac{\mathit{Auti(g)}{\mathit{C(g)}\)	"$\mathit{Auti(g)$ returns the automated activity instance count of group of cases $g$.
\newline $\mathit{C(g)$ returns the case count of group of cases $g$.\\"
Automated Activity Service Time (case granularity)	T	C	\(\mathit{AutST(c)\)	\(\sum_{i \in \mathit{inst(c),\, \mathit{act(i) \in \mathit{Autl} \mathit{ST(i)\)	"$\mathit{inst(c)$ returns the set of activity instances that occur in case $c$.
\newline $\mathit{act(i)$ returns the activity associated with activity instance $i$.
\newline $\mathit{Autl$ denotes the set of automated activities.
\newline $\mathit{ST(i)$ returns the service time of activity instance $i$.\\"
Automated Activity Service Time (group of cases granularity)	T	G	\(\mathit{AutST(g)\)	\(\sum_{c \in \mathit{cases(g)} \mathit{AutST(c)\)	"$\mathit{cases(g)$ returns the set of cases that belong to group of cases $g$.
\newline$\mathit{AutST(c)$ returns the automated activity service time of case $c$.\\"
Expected Automated Activity Service Time	T	G	\(\mathit{e\mathit{AutST(g)\)	\(\frac{\mathit{AutST(g)}{\mathit{C(g)}\)	"$\mathit{AutST(g)$ returns the automated activity service time of group of cases $g$.
\newline $\mathit{C(g)$ returns the case count of group of cases $g$.\\"
Case Percentage with Missed Deadline (group of cases granularity)	T	G	\(\mathit{CMDP(g, \mathit{val)\)	"\(\displaystyle \frac{
\sum_{c \in g}
\begin{cases}
1 & \text{if } \mathit{endt(c) > \mathit{val \\
0 & \text{otherwise}
\end{cases}
}{\mathit{C(g)}\)"	"\(\mathit{endt(c)\) returns the completion timestamp of case \(c\).
\newline \(\mathit{C(g)\) returns the number of cases in group \(g\). \\"
Handover count (case granularity)	T	C	\(\mathit{H(c)\)	\(\sum_{i \in \mathit{inst(c)} \mathit{dres(i)\)	"Here, \(\mathit{inst(c)\) is the set of activity instances in case \(c\), \newline \(\mathit{dres(i)\) returns the number of distinct resources involved in the execution of activity instance \(i\). 
\newline The formula sums these values to obtain the total handovers in case \(c\). \\"
Expected Handover count (group of cases granularity)	T	G	\(\mathit{e\mathit{H(g)\)	\(\frac{\sum_{c \in g} \mathit{H(c)}{\mathit{C(g)}\)	"$g$ represents the group of cases under analysis.
\newline $\mathit{H(c)$ returns the handover count of case $c$.
\newline $\mathit{C(g)$ returns the case count of group of cases $g$.\\"
Idle Time (case granularity)	T	C	\(\mathit{IT(c)\)	"\(\sum_{i \in \mathit{inst(c)} 
\begin{cases}
\frac{\mathit{WT(i)}{|\mathit{concstr(i)|} & \text{if } \mathit{prevstr(i) = \emptyset \\
0 & \text{if } \mathit{prevstr(i) \neq \emptyset
\end{cases}\)"	"$\mathit{inst(c)$ returns the set of activity instances that occur in case $c$.
\newline $\mathit{WT(i)$ returns the waiting time of activity instance $i$.
\newline $\mathit{concstr(i)$ returns the set of concurrent structures (parallel branches) related to instance $i$.
\newline $\mathit{prevstr(i)$ returns the preceding structure of activity instance $i$.\\"
Expected Idle Time (group of cases granularity)	T	G	\(\mathit{e\mathit{IT(g)\)	\(\frac{\sum_{c \in g} \mathit{IT(c)}{\mathit{C(g)}\)	"$g$ represents the group of cases under analysis.
\newline $\mathit{IT(c)$ returns the idle time of case $c$.
\newline $\mathit{C(g)$ returns the case count of group of cases $g$.\\"
Lead Time (activity instance granularity)	T	I	\(\mathit{LT(i)\)	\(\mathit{ST(i) + \mathit{WT(i)\)	"$\mathit{ST(i)$ returns the service time of activity instance $i$, representing the time between its start and completion.
\newline $\mathit{WT(i)$ returns the waiting time of activity instance $i$, representing the idle period before the instance starts execution.\\"
Lead Time (activity granularity)	T	A	\(\mathit{LT(a)\)	\(\sum_{i \in \mathit{inst(a)} \mathit{LT(i)\)	"$\mathit{inst(a)$ returns the set of activity instances that belong to activity $a$.
\newline $\mathit{LT(i)$ returns the lead time of activity instance $i$.\\"
Lead Time (case granularity)	T	C	\(\mathit{LT(c)\)	\(\mathit{endt(c) - \mathit{startt(c)\)	"$\mathit{endt(c)$ returns the end timestamp of case $c$.
\newline $\mathit{startt(c)$ returns the start timestamp of case $c$.\\"
Lead Time (group of cases granularity)	T	G	\(\mathit{LT(g)\)	\(^{\mathit{max}_{c \in g} \mathit{endt(c) - ^{\mathit{min}_{c \in g} \mathit{startt(c)\)	"$\mathit{endt(c)$ returns the end timestamp of case $c$.
\newline $\mathit{startt(c)$ returns the start timestamp of case $c$.
\newline  $^{\mathit{max}_{c \in g}$ and $^{\mathit{min}_{c \in g}$ indicate that the maximum end time and minimum start time are taken across all cases in the group $g$.\\"
Expected Lead Time	T	G	\(\mathit{e\mathit{LT(g)\)	\(\frac{\sum_{c \in g} \mathit{LT(c)}{\mathit{C(g)}\)	"$\mathit{LT(c)$ returns the lead time of case $c$.
\newline $\mathit{C(g)$ returns the total number of cases in group $g$.
\newline The numerator $\sum_{c \in g} \mathit{LT(c)$ sums the lead times of all cases in $g$.\\"
Lead Time and Case Count Ratio (group of cases granularity)	T	G	\(\mathit{LTCR(g)\)	\(\frac{\mathit{LT(g)}{\mathit{C(g)}\)	"$\mathit{LT(g)$ returns the total lead time of group $g$.
\newline $\mathit{C(g)$ returns the total number of cases in group $g$.\\"
Lead Time Deviation from time Limit (case granularity)	T	C	\(\mathit{LTDL(c, val)\)	\(val - \mathit{LT(c)\)	"$\mathit{LT(c)$ returns the lead time of case $c$.
\newline $val$ represents the predefined time Limit for the case.
\newline The expression $|val - \mathit{LT(c)|$ measures the absolute deviation of the case lead time from its deadline.\\"
Expected Lead Time Deviation from time Limit	T	G	\(\mathit{e\mathit{LTDL(g, val)\)	\(\frac{\sum _{c \in g} \mathit{LTDL(c, \mathit{val)}{\mathit{C(g)}\)	"$\mathit{LTDL(c, \mathit{val)$ returns the lead time deviation from time Limit for case $c$.
\newline $\mathit{val$ represents the predefined time Limit.
\newline $\mathit{C(g)$ returns the number of cases in group $g$.\\"
Lead Time Deviation from Expectation (case granularity)	T	C	\(\mathit{LTDE(c, val)\)	\(|val - \mathit{LT(c)|\)	"\ $val$ represents the expected time value.
\newline $\mathit{LT(c)$ returns the lead time of case $c$.\\"
Expected Lead Time Deviation from Expectation	T	G	\(\mathit{e\mathit{LTDE(g, val)\)	\(\frac{\sum _{c \in g} \mathit{LTDE(c, \mathit{val)}{\mathit{C(g)}\)	"$\mathit{LTDE(c, \mathit{val)$ returns the lead time deviation from expectation of case $c$.
\newline $\mathit{C(g)$ returns the number of cases in group $g$.\\"
Lead Time from activity A (case granularity)	T	C	\(\mathit{LTfA(c, \mathit{a)\)	"\(\begin{cases}
\mathit{lt(any (\mathit{fi\mathit{^{s(c, \mathit{a), any (\mathit{endin(c))) & \mathit{if \  \mathit{fi\mathit{^{s(c, \mathit{a) \neq \emptyset \\
undefined & \mathit{if \  \mathit{fi\mathit{^{s(c, \mathit{a) = \emptyset
\end{cases}\)"	"$\mathit{fi\mathit{^{s(c, \mathit{a)$ returns the set of first started instances of activity $\mathit{a$ in case $c$.
\newline $\mathit{endin(c)$ returns the final activity instance of case $c$.
\newline $\mathit{lt(x, y)$ returns the lead time from activity instance $x$ to $y$.\\"
Expected Lead Time from activity A	T	G	\(\mathit{e\mathit{LTfA(g, \mathit{a)\)	"\(\frac{\sum _{c \in g} \begin{cases}
\mathit{LTfA(c, \mathit{a) & \mathit{if \  \mathit{fi\mathit{^{s(c, \mathit{a) \neq \emptyset \\
0 & \mathit{if \  \mathit{fi\mathit{^{s(c, \mathit{a) = \emptyset
\end{cases}}{
\sum_{c \in \mathit{cases(g)} 
\begin{cases}
1 & \text{if } \mathit{fi\mathit{^{s(c, \mathit{a) \neq \emptyset \\
0 & \text{otherwise}
\end{cases}
}\)"	"$\mathit{fi\mathit{^{s(c, \mathit{a)$ returns the set of first started instances of activity $\mathit{a$ in case $c$.
\newline $\mathit{LTfA(c, \mathit{a)$ returns the lead time from the first started instance of activity $\mathit{a$ in case $c$ to the end of case $c$.
\\"
Lead Time from activity A to activity B (case granularity)	T	C	\(\mathit{LTAB(c, \mathit{a, \mathit{b)\)	"\(\begin{cases}
\mathit{lt(x,y) & \mathit{for~any \  x \in \mathit{fi\mathit{^{s(c, \mathit{a) \mathit{\ and \  y \in \mathit{fi(c, \mathit{a, \mathit{b) \\
undefined & \mathit{if \  \mathit{fi(c, \mathit{a, \mathit{b) = \emptyset
\end{cases}\)"	"$\mathit{fi\mathit{^{s(c, \mathit{a)$ returns the set of first started instances of activity $\mathit{a$ in case $c$.
\newline $\mathit{fi(c, \mathit{a, \mathit{b)$ returns the first instance of activity $\mathit{b$ occurring after the first started instance of activity $\mathit{a$ in case $c$.
\newline $\mathit{lt(x,y)$ returns the lead time between activity instances $x$ and $y$.\\"
Expected Lead Time from activity A to activity B	T	G	\(\mathit{e\mathit{LTAB(g, a, b)\)	"\[
\frac{
\sum_{c \in \mathit{cases(g)} 
\begin{cases}
\mathit{LTAB(c, a, b) & \text{if } \mathit{fi(c, \mathit{a, \mathit{b) \neq \emptyset \\
0 & \text{otherwise}
\end{cases}
}{
\sum_{c \in \mathit{cases(g)} 
\begin{cases}
1 & \text{if } \mathit{fi(c, \mathit{a, \mathit{b)  \neq \emptyset \\
0 & \text{otherwise}
\end{cases}
}
\]

\(\mathit{cases(g)\): Set of all cases belonging to group \(g\)."	"\(\mathit{LTAB(c, a, b)\): Lead time between activity \(a\) and activity \(b\) within case \(c\).
\newline
\(\mathit{fi(c, \mathit{a, \mathit{b)\): Function that returns the flow instance between \(a\) and \(b\) in case \(c\). If empty, the pair \((a, b)\) does not occur in \(c\). \\"
Lead Time to activity A (case granularity)	T	C	\(\mathit{LTtA(c, \mathit{a)\)	"\(\begin{cases}
\mathit{lt(x, y) & \mathit{for~any \  x \in \mathit{strin(c) \mathit{\ and \  y \in \mathit{fi\mathit{^{c(c, \mathit{a) \\
undefined & \mathit{if \  \mathit{fi\mathit{^{c(c, \mathit{a) = \emptyset
\end{cases}\)"	"$\mathit{strin(c)$ returns the activity instance that starts case $c$.
\newline $\mathit{fi\mathit{^{c(c, \mathit{a)$ returns the first completed instance of activity $\mathit{a$ in case $c$.
\newline $\mathit{lt(x, y)$ returns the lead time between activity instances $x$ and $y$.\\"
Expected Lead Time to activity A	T	G	\(\mathit{e\mathit{LTtA(g, \mathit{a)\)	"\(\displaystyle \frac{\sum_{c \in g} 
\begin{cases} 
\mathit{LTtA(c, \mathit{a) & \mathit{if \  \mathit{fi\mathit{^{c(c, \mathit{a) \neq \emptyset \\ 
0 & \mathit{if \  \mathit{fi\mathit{^{c(c, \mathit{a) = \emptyset 
\end{cases}}
{
\sum_{c \in \mathit{cases(g)} 
\begin{cases}
1 & \text{if } \mathit{fi\mathit{^{c(c, \mathit{a) \neq \emptyset \\
0 & \text{otherwise}
\end{cases}
}\)"	"\(\mathit{LTtA(c, \mathit{a)\) returns the lead time from the start of case \(c\) to the first completed instance of activity \(\mathit{a\) in case \(c\).
\newline \(\mathit{fi\mathit{^{c(c, \mathit{a)\) returns the set of first completed instances of activity \(\mathit{a\) in case \(c\).
\newline \(\left| \{ c \in g \mid \mathit{fi\mathit{^{c(c, \mathit{a) \neq \emptyset \} \right|\) returns the number of cases in group \(g\) where activity \(\mathit{a\) occurs at least once (i.e., cases with a non-empty \(\mathit{fi\mathit{^{c(c, \mathit{a)\)).\\"
Service and Lead Time Ratio (activity instance granularity)	T	I	\(\mathit{SLTR(i)\)	\(\frac{\mathit{ST(i)}{\mathit{LT(i)}\)	"\(\mathit{ST(i)\) returns the service time of activity instance \(i\).
\newline \(\mathit{LT(i)\) returns the lead time of activity instance \(i\). \\"
Service and Lead Time Ratio (activity instance granularity)	T	I	\(\mathit{SLTR(i)\)	\(\frac{\mathit{ST(i)}{\mathit{LT(i)}\)	"\(\mathit{ST(i)\) returns the service time of activity instance \(i\).
\newline \(\mathit{LT(i)\) returns the lead time of activity instance \(i\). \\"
Service and Lead Time Ratio (activity granularity)	T	A	\(\mathit{SLTR(a)\)	\(\frac{\mathit{ST(a)}{\mathit{LT(a)}\)	"\(\mathit{ST(a)\) returns the total service time accumulated across all instances of activity \(a\).
\newline \(\mathit{LT(a)\) returns the total lead time of activity \(a\). \\"
Service and Lead Time Ratio (case granularity)	T	C	\(\mathit{SLTR(c)\)	\(\frac{\mathit{ST(c)}{\mathit{LT(c)}\)	"\(\mathit{ST(c)\) returns the total service time of case \(c\).
\newline \(\mathit{LT(c)\) returns the total lead time of case \(c\). \\"
Service and Lead Time Ratio (group of cases granularity)	T	G	\(\mathit{SLTR(g)\)	\(\frac{\mathit{ST(g)}{\mathit{LT(g)}\)	"\(\mathit{ST(g)\) returns the total service time accumulated across all cases in group \(g\).
\newline \(\mathit{LT(g)\) returns the total lead time accumulated across all cases in group \(g\). \\"
Expected Service and Lead Time Ratio	T	G	\(\mathit{e\mathit{SLTR(g)\)	\(\frac{\mathit{ST(g)}{\sum _{c \in g} \mathit{LT(c)}\)	"\(\mathit{ST(g)\) returns the total service time accumulated across all cases in group \(g\).
\newline \(\mathit{LT(c)\) returns the total lead time of case \(c\). \\"
Service Time (activity instance granularity)	T	I	\(\mathit{ST(i)\)	\(\mathit{ctime(i) - \mathit{stime(i)\)	"\(\mathit{ctime(i)\) returns the completion timestamp of activity instance \(i\).
\newline \(\mathit{stime(i)\) returns the start timestamp of activity instance \(i\). \\"
Service Time (activity granularity)	T	A	\(\mathit{ST(a)\)	\(\sum _{i \in \mathit{inst(a)} \mathit{ST(i)\)	"\(\mathit{inst(a)\) returns the set of all instances of activity \(a\).
\newline \(\mathit{ST(i)\) returns the service time of activity instance \(i\). \\"
Service Time (case granularity)	T	C	\(\mathit{ST(c)\)	\(\sum _{i \in \mathit{inst(c)} \mathit{ST(i)\)	"\(\mathit{inst(c)\) returns the set of all activity instances in case \(c\).
\newline \(\mathit{ST(i)\) returns the service time of activity instance \(i\). \\"
Service Time (group of cases granularity)	T	G	\(\mathit{ST(g)\)	\(\sum _{c \in g} \mathit{ST(c)\)	\(\mathit{ST(c)\) returns the total service time of case \(c\). \\
Expected Service Time	T	G	\(\mathit{e\mathit{ST(g)\)	\(\frac{\mathit{ST(g)}{\mathit{C(g)}\)	"\(\mathit{ST(g)\) returns the total service time accumulated across all cases in group \(g\).
\newline \(\mathit{C(g)\) returns the number of cases in group \(g\). \\"
Service Time from activity A to activity B (case granularity)	T	C	\(\mathit{STAB(c, \mathit{a, \mathit{b)\)	\(\begin{cases} \mathit{st(x, y) & \mathit{for~any \  x \in \mathit{fi\mathit{^{s(c, \mathit{a) \mathit{\ and \  y \in \mathit{fi(c, \mathit{a, \mathit{b) \\ undefined & \mathit{if \  \mathit{fi(c, \mathit{a, \mathit{b) = \emptyset \end{cases}\)	"\(\mathit{st\) returns the service time between activity instance \(x\) and activity instance \(y\).
\newline \(\mathit{fi\mathit{^{s\) returns the set of first started instances of activity \(\mathit{a\) in case \(c\).
\newline \(\mathit{fi\) returns the set of first instances of activity \(\mathit{b\) that occur after the first instance of \(\mathit{a\) in case \(c\). \\"
Service Time from activity A to activity B (group of cases granularity)	T	G	\(\mathit{STAB(g, \mathit{a, \mathit{b)\)	\(\sum _{c \in g} \begin{cases} \mathit{STAB(c, \mathit{a, \mathit{b) & \mathit{if \  \mathit{fi(c, \mathit{a, \mathit{b) \neq \emptyset \\ 0 & \mathit{if \  \mathit{fi(c, \mathit{a, \mathit{b) = \emptyset \end{cases}\)	"\(\mathit{STAB\) returns the service time from activity \(\mathit{a\) to activity \(\mathit{b\) in case \(c\).
\newline \(\mathit{fi\) returns the set of first instances of activity \(\mathit{b\) that occur after the first instance of \(\mathit{a\) in case \(c\). \\"
Expected Service Time from activity A to activity B	T	G	\(\mathit{e\mathit{STAB(g, \mathit{a, \mathit{b)\)	\(\frac{\mathit{STAB(g, \mathit{a, \mathit{b)}{|\{c \in g \mid \mathit{fi(c, \mathit{a, \mathit{b) \neq \emptyset\}|}\)	"\(\mathit{STAB\) returns the total service time from activity \(\mathit{a\) to activity \(\mathit{b\) accumulated across all cases in group \(g\).
\newline \(\mathit{fi\) returns the set of first instances of activity \(\mathit{b\) that occur after the first instance of \(\mathit{a\) in case \(c\). \\"
Waiting Time (activity instance granularity)	T	I	\(\mathit{WT(i)\)	\(\begin{cases} \mathit{stime(i) - \mathit{ctime(x) & \mathit{for~any \  x \in \mathit{prev(i) \\ 0 & \mathit{if \  \mathit{prev(i) = \emptyset \end{cases}\)	"\(\mathit{stime(i)\) returns the start timestamp of activity instance \(i\).
\newline \(\mathit{ctime(x)\) returns the completion timestamp of activity instance \(x\).
\newline \(\mathit{prev(i)\) returns the set of preceding activity instances to instance \(i\). \\"
Waiting Time (activity granularity)	T	A	\(\mathit{WT(a)\)	\(\sum _{i \in \mathit{inst(a)} \mathit{WT(i)\)	"\(\mathit{inst(a)\) returns the set of all instances of activity \(a\).
\newline \(\mathit{WT(i)\) returns the waiting time of activity instance \(i\). \\"
Waiting Time (case granularity)	T	C	\(\mathit{WT(c)\)	\(\sum _{i \in \mathit{inst(c)} \mathit{WT(i)\)	"\(\mathit{inst(c)\) returns the set of all activity instances in case \(c\).
\newline \(\mathit{WT(i)\) returns the waiting time of activity instance \(i\). \\"
Expected Waiting Time	T	G	\(\mathit{e\mathit{WT(g)\)	\(\frac{\sum _{c \in g} \mathit{WT(c)}{\mathit{C(g)}\)	"\(\mathit{WT(c)\) returns the total waiting time of case \(c\).
\newline \(\mathit{C(g)\) returns the number of cases in group \(g\). \\"
Waiting Time from activity A to activity B (case granularity)	T	C	\(\mathit{WTAB(c, \mathit{a, \mathit{b)\)	\(\begin{cases} \mathit{wt(x, y) & \mathit{for~any \  x \in \mathit{fi\mathit{^{s(c, \mathit{a) \mathit{\ and \  y \in \mathit{fi(c, \mathit{a, \mathit{b) \\ undefined & \mathit{if \  \mathit{fi(c, \mathit{a, \mathit{b) = \emptyset \end{cases}\)	"\(\mathit{wt\) returns the waiting time between activity instance \(x\) and activity instance \(y\).
\newline \(\mathit{fi\mathit{^{s\) returns the set of first started instances of activity \(\mathit{a\) in case \(c\).
\newline \(\mathit{fi\) returns the set of first instances of activity \(\mathit{b\) that occur after the first instance of \(\mathit{a\) in case \(c\). \\"
Expected Waiting Time from activity A to activity B	T	G	\(\mathit{e\mathit{WTAB(g, \mathit{a, \mathit{b)\)	"\(\displaystyle \frac{\sum _{c \in g} \begin{cases}
\mathit{WTAB(c, \mathit{a, \mathit{b) & \mathit{if \  \mathit{fi(c, \mathit{a, \mathit{b) \neq \emptyset \\
0 & \mathit{if \  \mathit{fi(c, \mathit{a, \mathit{b) = \emptyset
\end{cases}}{
\sum_{c \in g}
\begin{cases}
1 & \text{if } \mathit{fi(c, \mathit{a, \mathit{b) \neq \emptyset \\
0 & \text{otherwise}
\end{cases}
}\)"	"\(\mathit{WTAB\) returns the waiting time from activity \(\mathit{a\) to activity \(\mathit{b\) in case \(c\).
\newline \(\mathit{fi\) returns the set of first instances of activity \(\mathit{b\) that occur after the first instance of \(\mathit{a\) in case \(c\). \\"
Automated Activity Cost (case granularity)	C	C	\(\mathit{AutC(c)\)	\(\sum _{i \in \mathit{inst(c), \mathit{act(i) \in \mathit{Autl} \mathit{TC(i)\)	"\(\mathit{inst(c)\) returns the set of all activity instances in case \(c\).
\newline \(\mathit{act(i)\) returns the activity of activity instance \(i\).
\newline \(\mathit{Autl\) returns the set of automated activities.
\newline \(\mathit{TC(i)\) returns the cost of activity instance \(i\). \\"
Automated Activity Cost (group of cases granularity)	C	G	\(\mathit{AutC(g)\)	\(\sum _{c \in g} \mathit{AutC(c)\)	\(\mathit{AutC(c)\) returns the automated activity cost for case \(c\). \\
Expected Automated Activity Cost	C	G	\(\mathit{e\mathit{AutC(g)\)	\(\frac{\mathit{AutC(g)}{\mathit{C(g)}\)	"\(\mathit{AutC(g)\) returns the total automated activity cost for group \(g\).
\newline \(\mathit{C(g)\) returns the number of cases in group \(g\). \\"
Desired Activity count (case granularity)	C	C	\(\mathit{DAC(c)\)	\(\mathit{count( \mathit{Desl \cap \mathit{act(c))\)	"\(\mathit{Desl\) returns the set of desired activities.
\newline \(\mathit{act(c)\) returns the set of activities that occurred in case \(c\). \\"
Desired Activity count (group of cases granularity)	C	G	\(\mathit{DAC(g)\)	\(\mathit{count(\mathit{Desl \cap (\cup_{c \in g} \mathit{act(c)))\)	"\(\mathit{Desl\) returns the set of desired activities.
\newline \(\mathit{act(c)\) returns the set of activities that occurred in case \(c\). \\"
Expected Desired Activity count	C	G	\(\mathit{e\mathit{DAC(g)\)	\(\frac{\sum _{c \in g} \mathit{DAC(c)}{\mathit{C(g)}\)	"\(\mathit{DAC(c)\) returns the desired activity count for case \(c\).
\newline \(\mathit{C(g)\) returns the number of cases in group \(g\). \\"
Direct Cost (case granularity)	C	C	\(\mathit{DC(c)\)	\(\sum _{i \in \mathit{inst(c), \mathit{act(i) \in \mathit{DCl} \mathit{TC(i)\)	"\(\mathit{inst(c)\) returns the set of all activity instances in case \(c\).
\newline \(\mathit{act(i)\) returns the activity of activity instance \(i\).
\newline \(\mathit{DCl\) returns the set of direct cost activities.
\newline \(\mathit{TC(i)\) returns the cost of activity instance \(i\). \\"
Direct Cost (group of cases granularity)	C	G	\(\mathit{DC(g)\)	\(\sum _{c \in g} \mathit{DC(c)\)	\(\mathit{DC(c)\) returns the direct cost for case \(c\). \\
Expected Direct Cost	C	G	\(\mathit{e\mathit{DC(g)\)	\(\frac{\mathit{DC(g)}{\mathit{C(g)}\)	"\(\mathit{DC(g)\) returns the total direct cost for group \(g\).
\newline \(\mathit{C(g)\) returns the number of cases in group \(g\). \\"
Fixed Cost considering single events of activity instances (activity instance granularity)	C	I	\(\mathit{FC\mathit{^{sgl(i)\)	\(\begin{cases} #^{}_{\mathit{fc}(\mathit{cpl(i)) & \mathit{if \  #^{}_{\mathit{fc}(\mathit{cpl(i)) \neq undefined \\ #^{}_{\mathit{fc}(\mathit{str(i)) & \mathit{if \  #^{}_{\mathit{fc}(\mathit{cpl(i)) = undefined \land #^{}_{\mathit{fc}(\mathit{str(i)) \neq undefined \\ undefined & \mathit{if \  #^{}_{\mathit{fc}(\mathit{cpl(i)) = undefined \land #^{}_{\mathit{fc}(\mathit{str(i)) = undefined \\ \end{cases}\)	"\(#^{}_{\mathit{fc}\) returns the fixed cost associated with an event.
\newline \(\mathit{cpl(i)\) returns the completion event of activity instance \(i\).
\newline \(\mathit{str(i)\) returns the start event of activity instance \(i\). \\"
Fixed Cost considering the sum of all events of activity instances (activity instance granularity)	C	I	\(\mathit{FC\mathit{^{sum(i)\)	\(\begin{cases} #^{}_{\mathit{fc}(\mathit{str(i)) + & \\ #^{}_{\mathit{fc}(\mathit{cpl(i)) & \mathit{if \  #^{}_{\mathit{fc}(\mathit{cpl(i)) \neq undefined \land #^{}_{\mathit{fc}(\mathit{str(i)) \neq undefined \\ undefined & \mathit{if \  #^{}_{\mathit{fc}(\mathit{cpl(i)) = undefined \lor #^{}_{\mathit{fc}(\mathit{str(i)) = undefined \\ \end{cases}\)	"\(#^{}_{\mathit{fc}\) returns the fixed cost associated with an event.
\newline \(\mathit{str(i)\) returns the start event of activity instance \(i\).
\newline \(\mathit{cpl(i)\) returns the completion event of activity instance \(i\). \\"
Fixed Cost (activity granularity)	C	A	\(\mathit{FC(a)\)	\(\sum _{i \in \mathit{inst(a)} \mathit{FC(i)\)	"\(\mathit{inst(a)\) returns the set of all instances of activity \(a\).
\newline \(\mathit{FC(i)\) returns the fixed cost of activity instance \(i\). \\"
Fixed Cost (case granularity)	C	C	\(\mathit{FC(c)\)	\(\sum _{i \in \mathit{inst(c)} \mathit{FC(i)\)	"\(\mathit{inst(c)\) returns the set of all activity instances in case \(c\).
\newline \(\mathit{FC(i)\) returns the fixed cost of activity instance \(i\). \\"
Fixed Cost (group of cases granularity)	C	G	\(\mathit{FC(g)\)	\(\sum _{c \in g} \mathit{FC(c)\)	\(\mathit{FC(c)\) returns the fixed cost for case \(c\). \\
Expected Fixed Cost	C	G	\(\mathit{e\mathit{FC(g)\)	\(\frac{\mathit{FC(g)}{\mathit{C(g)}\)	"\(\mathit{FC(g)\) returns the total fixed cost for group \(g\).
\newline \(\mathit{C(g)\) returns the number of cases in group \(g\). \\"
Human Resource and Case count Ratio (group of cases granularity)	C	G	\(\mathit{HRCR(g)\)	\(\frac{\mathit{HR(g)}{\mathit{C(g)}\)	"\(\mathit{HR(g)\) returns the number of unique human resources involved in group \(g\).
\newline \(\mathit{C(g)\) returns the number of cases in group \(g\). \\"
Human Resource count (activity granularity)	C	A	\(\mathit{HR(a)\)	\(\mathit{count(\mathit{hres(a))\)	$\mathit{hres(a)$ returns the set of human resources that perform activity $a$ in the event log. \\
Human Resource count (case granularity)	C	C	\(\mathit{HR(c)\)	\(\mathit{count(\mathit{hres(c))\)	$\mathit{hres(c)$ returns the set of human resources that work in case $c$. \\
Human Resource count (group of cases granularity)	C	G	\(\mathit{HR(g)\)	\(\mathit{count(\mathit{hres(g))\)	$\mathit{hres(g)$ returns the set of human resources that work in group of cases $g$. \\
Expected Human Resource count	C	G	$e$\(\mathit{HR(g)\)	\(\frac{\sum _{c \in \mathit{cases(g)} \mathit{HR(c)}{\mathit{C(g)}\)	"$\mathit{cases(g)$ returns the set of cases in group of cases $g$.
\newline $\mathit{HR(c)$ returns the human resource count of case $c$.
\newline $\mathit{C(g)$ returns the case count of group of cases $g$. \\"
Inventory Cost considering single events of activity instances (activity instance granularity)	C	I	\(\mathit{IC\mathit{^{sgl(i)\)	\(\begin{cases} #^{}_{\mathit{ic}(\mathit{cpl(i)) & \mathit{if \  #^{}_{\mathit{ic}(\mathit{cpl(i)) \neq undefined \\ #^{}_{\mathit{ic}(\mathit{str(i)) & \mathit{if \  #^{}_{\mathit{ic}(\mathit{cpl(i)) = undefined \land #^{}_{\mathit{ic}(\mathit{str(i)) \neq undefined \\ undefined & \mathit{if \  #^{}_{\mathit{ic}(\mathit{cpl(i)) = undefined \land #^{}_{\mathit{ic}(\mathit{str(i)) = undefined \\ \end{cases}\)	"\(#^{}_{\mathit{ic}\) returns the inventory cost associated with an event.
\newline \(\mathit{cpl(i)\) returns the completion event of activity instance \(i\).
\newline \(\mathit{str(i)\) returns the start event of activity instance \(i\). \\"
Inventory Cost considering the sum of all events of activity instances (activity instance granularity)	C	I	\(\mathit{IC\mathit{^{sum(i)\)	\(\begin{cases} #^{}_{\mathit{ic}(\mathit{str(i)) + & \\ #^{}_{\mathit{ic}(\mathit{cpl(i)) & \mathit{if \  #^{}_{\mathit{ic}(\mathit{cpl(i)) \neq undefined \land #^{}_{\mathit{ic}(\mathit{str(i)) \neq undefined \\ undefined & \mathit{if \  #^{}_{\mathit{ic}(\mathit{cpl(i)) = undefined \lor #^{}_{\mathit{ic}(\mathit{str(i)) = undefined \\ \end{cases}\)	"\(#^{}_{\mathit{ic}\) returns the inventory cost associated with an event.
\newline \(\mathit{str(i)\) returns the start event of activity instance \(i\).
\newline \(\mathit{cpl(i)\) returns the completion event of activity instance \(i\). \\"
Inventory Cost (activity granularity)	C	A	\(\mathit{IC(a)\)	\(\sum _{i \in \mathit{inst(a)} \mathit{IC(i)\)	"\(\mathit{inst(a)\) returns the set of all instances of activity \(a\).
\newline \(\mathit{IC(i)\) returns the inventory cost of activity instance \(i\). \\"
Inventory Cost (case granularity)	C	C	\(\mathit{IC(c)\)	\(\sum _{i \in \mathit{inst(c)} \mathit{IC(i)\)	"\(\mathit{inst(c)\) returns the set of all activity instances in case \(c\).
\newline \(\mathit{IC(i)\) returns the inventory cost of activity instance \(i\). \\"
Inventory Cost (group of cases granularity)	C	G	\(\mathit{IC(g)\)	\(\sum _{c \in g} \mathit{IC(c)\)	\(\mathit{IC(c)\) returns the inventory cost for case \(c\). \\
Expected Inventory Cost	C	G	\(\mathit{e\mathit{IC(g)\)	\(\frac{\mathit{IC(g)}{\mathit{C(g)}\)	"\(\mathit{IC(g)\) returns the total inventory cost for group \(g\).
\newline \(\mathit{C(g)\) returns the number of cases in group \(g\). \\"
Labor Cost and Total Cost Ratio (activity instance granularity)	C	I	\(\mathit{LCTCR(i)\)	\(\frac{\mathit{LC(i)}{\mathit{TC(i)}\)	"\(\mathit{LC(i)\) returns the labor cost of activity instance \(i\).
\newline \(\mathit{TC(i)\) returns the total cost of activity instance \(i\). \\"
Labor Cost and Total Cost Ratio (activity granularity)	C	A	\(\mathit{LCTCR(a)\)	\(\frac{\mathit{LC(a)}{\mathit{TC(a)}\)	"\(\mathit{LC(a)\) returns the total labor cost of activity \(a\).
\newline \(\mathit{TC(a)\) returns the total cost of activity \(a\). \\"
Labor Cost and Total Cost Ratio (case granularity)	C	C	\(\mathit{LCTCR(c)\)	\(\frac{\mathit{LC(c)}{\mathit{TC(c)}\)	"\(\mathit{LC(c)\) returns the total labor cost of case \(c\).
\newline \(\mathit{TC(c)\) returns the total cost of case \(c\). \\"
Labor Cost and Total Cost Ratio (group of cases granularity)	C	G	\(\mathit{LCTCR(g)\)	\(\frac{\mathit{LC(g)}{\mathit{TC(g)}\)	"\(\mathit{LC(g)\) returns the total labor cost of case group \(g\).
\newline \(\mathit{TC(g)\) returns the total cost of case group \(g\). \\"
Expected Labor Cost and Total Cost Ratio	C	G	\(\mathit{e\mathit{LCTCR(g)\)	\(\frac{\mathit{LC(g)}{\mathit{TC(g)}\)	"\(\mathit{LC(g)\) returns the total labor cost of case group \(g\).
\newline \(\mathit{TC(g)\) returns the total cost of case group \(g\). \\"
Labor Cost considering single events of activity instances (activity instance granularity)	C	I	\(\mathit{LC\mathit{^{sgl(i)\)	"\(\begin{cases}
#^{}_{\mathit{lc}(\mathit{cpl(i)) & \mathit{if \  #^{}_{\mathit{lc}(\mathit{cpl(i)) \neq undefined \\
#^{}_{\mathit{lc}(\mathit{str(i)) & \mathit{if \  #^{}_{\mathit{lc}(\mathit{cpl(i)) = undefined \land #^{}_{\mathit{lc}(\mathit{str(i)) \neq undefined \\
undefined & \mathit{if \  #^{}_{\mathit{lc}(\mathit{cpl(i)) = undefined \land #^{}_{\mathit{lc}(\mathit{str(i)) = undefined \\
\end{cases}\)"	"\(#^{}_{\mathit{lc}\) returns the labor cost associated with an event.
\newline \(\mathit{cpl(i)\) returns the completion event of activity instance \(i\).
\newline \(\mathit{str(i)\) returns the start event of activity instance \(i\). \\"
Labor Cost considering the sum of all events of activity instances (activity instance granularity)	C	I	\(\mathit{LC\mathit{^{sum(i)\)	"\(\begin{cases}
#^{}_{\mathit{lc}(\mathit{str(i)) + & \\ #^{}_{\mathit{lc}(\mathit{cpl(i)) & \mathit{if \  #^{}_{\mathit{lc}(\mathit{cpl(i)) \neq undefined \land #^{}_{\mathit{lc}(\mathit{str(i)) \neq undefined \\
undefined & \mathit{if \  #^{}_{\mathit{lc}(\mathit{cpl(i)) = undefined \lor #^{}_{\mathit{lc}(\mathit{str(i)) = undefined \\
\end{cases}\)"	"\(#^{}_{\mathit{lc}\) returns the labor cost associated with an event.
\newline \(\mathit{str(i)\) returns the start event of activity instance \(i\).
\newline \(\mathit{cpl(i)\) returns the completion event of activity instance \(i\). \\"
Labor Cost (activity granularity)	C	A	\(\mathit{LC(a)\)	\(\sum _{i \in \mathit{inst(a)} \mathit{LC(i)\)	"\(\mathit{inst(a)\) returns the set of all instances of activity \(a\).
\newline \(\mathit{LC(i)\) returns the labor cost of activity instance \(i\). \\"
Labor Cost (case granularity)	C	C	\(\mathit{LC(c)\)	\(\sum _{i \in \mathit{inst(c)} \mathit{LC(i)\)	"\(\mathit{inst(c)\) returns the set of all activity instances in case \(c\).
\newline \(\mathit{LC(i)\) returns the labor cost of activity instance \(i\). \\"
Labor Cost (group of cases granularity)	C	G	\(\mathit{LC(g)\)	\(\sum _{c \in g} \mathit{LC(c)\)	\(\mathit{LC(c)\) returns the labor cost for case \(c\). \\
Expected Labor Cost	C	G	\(\mathit{e\mathit{LC(g)\)	\(\frac{\mathit{LC(g)}{\mathit{C(g)}\)	"\(\mathit{LC(g)\) returns the total labor cost for group \(g\).
\newline \(\mathit{C(g)\) returns the number of cases in group \(g\). \\"
Maintenance Cost (case granularity)	C	C	\(\mathit{MainC(c)\)	\(#^{}_{\mathit{mainc}(c)\)	\(#^{}_{\mathit{mainc}\) returns the maintenance cost associated with case \(c\). \\
Maintenance Cost (group of cases granularity)	C	G	\(\mathit{MainC(g)\)	\(\sum _{c \in g} \mathit{MainC(c)\)	\(\mathit{MainC(c)\) returns the maintenance cost for case \(c\). \\
Expected Maintenance Cost	C	G	\(\mathit{e\mathit{MainC(g)\)	\(\frac{\mathit{MainC(g)}{\mathit{C(g)}\)	"\(\mathit{MainC(g)\) returns the total maintenance cost for group \(g\).
\newline \(\mathit{C(g)\) returns the number of cases in group \(g\). \\"
Missed Deadline Cost (case granularity)	C	C	\(\mathit{MDC(c)\)	\(#^{}_{\mathit{mdc}(c)\)	\(#^{}_{\mathit{mdc}\) returns the missed deadline cost associated with case \(c\). \\
Missed Deadline Cost (group of cases granularity)	C	G	\(\mathit{MDC(g)\)	\(\sum _{c \in g} \mathit{MDC(c)\)	\(\mathit{MDC(c)\) returns the missed deadline cost for case \(c\). \\
Expected Missed Deadline Cost	C	G	\(\mathit{e\mathit{MDC(g)\)	\(\frac{\mathit{MDC(g)}{\mathit{C(g)}\)	"\(\mathit{MDC(g)\) returns the total missed deadline cost for group \(g\).
\newline \(\mathit{C(g)\) returns the number of cases in group \(g\). \\"
Overhead Cost (case granularity)	C	C	\(\mathit{OC(c)\)	\(\sum _{i \in \mathit{inst(c), \mathit{act(i) \notin \mathit{DCl} \mathit{TC(i)\)	"\(\mathit{inst(c)\) returns the set of all activity instances in case \(c\).
\newline \(\mathit{act(i)\) returns the activity of activity instance \(i\).
\newline \(\mathit{DCl\) returns the set of direct cost activities.
\newline \(\mathit{TC(i)\) returns the total cost of activity instance \(i\). \\"
Overhead Cost (group of cases granularity)	C	G	\(\mathit{OC(g)\)	\(\sum _{c \in g} \mathit{OC(c)\)	\(\mathit{OC(c)\) returns the overhead cost for case \(c\). \\
Expected Overhead Cost	C	G	\(\mathit{e\mathit{OC(g)\)	\(\frac{\mathit{OC(g)}{\mathit{C(g)}\)	"\(\mathit{OC(g)\) returns the total overhead cost for group \(g\).
\newline \(\mathit{C(g)\) returns the number of cases in group \(g\). \\"
Resource count (activity granularity)	C	A	\(\mathit{R(a)\)	\(\mathit{count(\mathit{res(a))\)	$\mathit{res(a)$ returns the set of resources used for activity $a$ in the event log. \\
Resource count (case granularity)	C	C	\(\mathit{R(c)\)	\(\mathit{count(\mathit{res(c))\)	$\mathit{res(c)$ returns the set of resources used in case $c$. \\
Resource count (group of cases granularity)	C	G	\(\mathit{R(g)\)	\(\mathit{count(\cup_{c \in g} \mathit{res(c))\)	\(\mathit{res(c)\) returns the set of unique resources involved in case \(c\). \\
Expected Resource count	C	G	\(\mathit{e\mathit{R(g)\)	\(\frac{\sum _{c \in g} \mathit{R(c)}{\mathit{C(g)}\)	"\(\mathit{R(c)\) returns the resource count for case \(c\).
\newline \(\mathit{C(g)\) returns the number of cases in group \(g\). \\"
Rework Cost (activity granularity)	C	A	\(\mathit{RC(a)\)	\(\mathit{TC(a) - \sum _{c \in C} \mathit{fitc(c, a)\)	"\(\mathit{TC(a)\) returns the total cost of activity \(a\).
\newline \(\mathit{fitc\) returns the cost of the first instance of activity \(a\) in case \(c\). \\"
Rework Cost (case granularity)	C	C	\(\mathit{RC(c)\)	\(\mathit{TC(c) - \sum _{a \in A} \mathit{fitc(c, a)\)	"\(\mathit{TC(c)\) returns the total cost of case \(c\).
\newline \(\mathit{fitc\) returns the cost of the first instance of activity \(a\) in case \(c\). \\"
Rework Cost (group of cases granularity)	C	G	\(\mathit{RC(g)\)	\(\sum _{c \in g} \mathit{RC(c)\)	\(\mathit{RC(c)\) returns the rework cost for case \(c\). \\
Expected Rework Cost	C	G	\(\mathit{e\mathit{RC(g)\)	\(\frac{\mathit{RC(g)}{\mathit{C(g)}\)	"\(\mathit{RC(g)\) returns the total rework cost for group \(g\).
\newline \(\mathit{C(g)\) returns the number of cases in group \(g\). \\"
Rework Count (activity granularity)	C	A	\(\mathit{RewC(a)\)	\(\sum _{c \in C} \mathit{max(0, \mathit{count(c, a) - 1)\)	\(\mathit{count(c, a)\) returns the number of instances of activity \(a\) in case \(c\). \\
Rework Count (case granularity)	C	C	\(\mathit{RewC(c)\)	\(\sum _{a \in A} \mathit{max(0, \mathit{count(c, a) - 1)\)	\(\mathit{count(c, a)\) returns the number of instances of activity \(a\) in case \(c\). \\
Rework Count (group of cases granularity)	C	G	\(\mathit{RewC(g)\)	\(\sum _{c \in g} \mathit{RewC(c)\)	\(\mathit{RewC(c)\) returns the rework count for case \(c\). \\
Expected Rework Count	C	G	\(\mathit{e\mathit{RewC(g)\)	\(\frac{\mathit{RewC(g)}{\mathit{C(g)}\)	"\(\mathit{RewC(g)\) returns the total rework count for group \(g\).
\newline \(\mathit{C(g)\) returns the number of cases in group \(g\). \\"
Rework Percentage (activity granularity)	C	A	\(\mathit{RewP(a)\)	\(\frac{\mathit{RewC(a)}{\mathit{I(a)}\)	"\(\mathit{RewC(a)\) returns the rework count for activity \(a\).
\newline \(\mathit{I(a)\) returns the number of instances of activity \(a\). \\"
Rework Percentage (case granularity)	C	C	\(\mathit{RewP(c)\)	\(\frac{\mathit{RewC(c)}{\mathit{I(c)}\)	"\(\mathit{RewC(c)\) returns the rework count for case \(c\).
\newline \(\mathit{I(c)\) returns the total number of activity instances in case \(c\). \\"
Rework Percentage (group of cases granularity)	C	G	\(\mathit{RewP(g)\)	\(\frac{\mathit{RewC(g)}{\mathit{I(g)}\)	"\(\mathit{RewC(g)\) returns the rework count for group \(g\).
\newline \(\mathit{I(g)\) returns the total number of activity instances in group \(g\). \\"
Expected Rework Percentage	C	G	\(\mathit{e\mathit{RewP(g)\)	\(\frac{\sum _{c \in g} \mathit{RewP(c)}{\mathit{C(g)}\)	"\(\mathit{RewP(c)\) returns the rework percentage for case \(c\).
\newline \(\mathit{C(g)\) returns the number of cases in group \(g\). \\"
Total Cost considering single events of activity instances (activity instance granularity)	C	I	\(\mathit{TC\mathit{^{sgl(i)\)	"\(\begin{cases}
#^{}_{\mathit{tc}(\mathit{cpl(i)) & \mathit{if \  #^{}_{\mathit{tc}(\mathit{cpl(i)) \neq undefined \\
#^{}_{\mathit{tc}(\mathit{str(i)) & \mathit{if \  #^{}_{\mathit{tc}(\mathit{cpl(i)) = undefined \land #^{}_{\mathit{tc}(\mathit{str(i)) \neq undefined \\
undefined & \mathit{if \  #^{}_{\mathit{tc}(\mathit{cpl(i)) = undefined \land #^{}_{\mathit{tc}(\mathit{str(i)) = undefined \\
\end{cases}\)"	"\(#^{}_{\mathit{tc}\) returns the total cost associated with an event.
\newline \(\mathit{cpl(i)\) returns the completion event of activity instance \(i\).
\newline \(\mathit{str(i)\) returns the start event of activity instance \(i\). \\"
Total Cost considering the sum of all events of activity instances (activity instance granularity)	C	I	\(\mathit{TC\mathit{^{sum(i)\)	"\(\begin{cases}
#^{}_{\mathit{tc}(\mathit{str(i)) + & \\ #^{}_{\mathit{tc}(\mathit{cpl(i)) & \mathit{if \  #^{}_{\mathit{tc}(\mathit{cpl(i)) \neq undefined \land #^{}_{\mathit{tc}(\mathit{str(i)) \neq undefined \\
undefined & \mathit{if \  #^{}_{\mathit{tc}(\mathit{cpl(i)) = undefined \lor #^{}_{\mathit{tc}(\mathit{str(i)) = undefined \\
\end{cases}\)"	"\(#^{}_{\mathit{tc}\) returns the total cost associated with an event.
\newline \(\mathit{str(i)\) returns the start event of activity instance \(i\).
\newline \(\mathit{cpl(i)\) returns the completion event of activity instance \(i\). \\"
Total Cost (activity granularity)	C	A	\(\mathit{TC(a)\)	\(\sum _{i \in \mathit{inst(a)} \mathit{TC(i)\)	"\(\mathit{inst(a)\) returns the set of all instances of activity \(a\).
\newline \(\mathit{TC(i)\) returns the total cost of activity instance \(i\). \\"
Total Cost (case granularity)	C	C	\(\mathit{TC(c)\)	\(\sum _{i \in \mathit{inst(c)} \mathit{TC(i)\)	"\(\mathit{inst(c)\) returns the set of all activity instances in case \(c\).
\newline \(\mathit{TC(i)\) returns the total cost of activity instance \(i\). \\"
Total Cost (group of cases granularity)	C	G	\(\mathit{TC(g)\)	\(\sum _{c \in g} \mathit{TC(c)\)	\(\mathit{TC(c)\) returns the total cost of case \(c\). \\
Expected Total Cost	C	G	\(\mathit{e\mathit{TC(g)\)	\(\frac{\mathit{TC(g)}{\mathit{C(g)}\)	"\(\mathit{TC(g)\) returns the total cost for group \(g\).
\newline \(\mathit{C(g)\) returns the number of cases in group \(g\). \\"
Total Cost and Lead Time Ratio (activity instance granularity)	C	I	\(\mathit{TCLTR(i)\)	\(\frac{\mathit{TC(i)}{\mathit{LT(i)}\)	"\(\mathit{TC(i)\) returns the total cost of activity instance \(i\).
\newline \(\mathit{LT(i)\) returns the lead time of activity instance \(i\). \\"
Total Cost and Lead Time Ratio (activity granularity)	C	A	\(\mathit{TCLTR(a)\)	\(\frac{\mathit{TC(a)}{\mathit{LT(a)}\)	"\(\mathit{TC(a)\) returns the total cost of activity \(a\).
\newline \(\mathit{LT(a)\) returns the total lead time of activity \(a\). \\"
Total Cost and Lead Time Ratio (case granularity)	C	C	\(\mathit{TCLTR(c)\)	\(\frac{\mathit{TC(c)}{\mathit{LT(c)}\)	"\(\mathit{TC(c)\) returns the total cost of case \(c\).
\newline \(\mathit{LT(c)\) returns the total lead time of case \(c\). \\"
Total Cost and Lead Time Ratio (group of cases granularity)	C	G	\(\mathit{TCLTR(g)\)	\(\frac{\mathit{TC(g)}{\mathit{LT(g)}\)	"\(\mathit{TC(g)\) returns the total cost of case group \(g\).
\newline \(\mathit{LT(g)\) returns the total lead time of case group \(g\). \\"
Expected Total Cost and Lead Time Ratio	C	G	\(\mathit{e\mathit{TCLTR(g)\)	\(\frac{\mathit{TC(g)}{\sum _{c \in g} \mathit{LT(c)}\)	"\(\mathit{TC(g)\) returns the total cost of case group \(g\).
\newline \(\mathit{LT(c)\) returns the total lead time of case \(c\). \\"
Total Cost and outcome Unit Ratio (activity instance granularity)	C	I	\(\mathit{TCUR(i)\)	\(\frac{\mathit{TC(i)}{\mathit{U(i)}\)	"\(\mathit{TC(i)\) returns the total cost of activity instance \(i\).
\newline \(\mathit{U(i)\) returns the outcome unit count of activity instance \(i\). \\"
Total Cost and outcome Unit Ratio (activity granularity)	C	A	\(\mathit{TCUR(a)\)	\(\frac{\mathit{TC(a)}{\mathit{U(a)}\)	"\(\mathit{TC(a)\) returns the total cost of activity \(a\).
\newline \(\mathit{U(a)\) returns the total outcome unit count of activity \(a\). \\"
Total Cost and outcome Unit Ratio (case granularity)	C	C	\(\mathit{TCUR(c)\)	\(\frac{\mathit{TC(c)}{\mathit{U(c)}\)	"\(\mathit{TC(c)\) returns the total cost of case \(c\).
\newline \(\mathit{U(c)\) returns the total outcome unit count of case \(c\). \\"
Total Cost and outcome Unit Ratio (group of cases granularity)	C	G	\(\mathit{TCUR(g)\)	\(\frac{\mathit{TC(g)}{\mathit{U(g)}\)	"\(\mathit{TC(g)\) returns the total cost of case group \(g\).
\newline \(\mathit{U(g)\) returns the total outcome unit count of case group \(g\). \\"
Expected Total Cost and outcome Unit Ratio	C	G	\(\mathit{e\mathit{TCUR(g)\)	\(\frac{\mathit{TC(g)}{\mathit{U(g)}\)	"\(\mathit{TC(g)\) returns the total cost of case group \(g\).
\newline \(\mathit{U(g)\) returns the total outcome unit count of case group \(g\). \\"
Total Cost and Service Time Ratio (activity instance granularity)	C	I	\(\mathit{TCSTR(i)\)	\(\frac{\mathit{TC(i)}{\mathit{ST(i)}\)	"\(\mathit{TC(i)\) returns the total cost of activity instance \(i\).
\newline \(\mathit{ST(i)\) returns the service time of activity instance \(i\). \\"
Total Cost and Service Time Ratio (activity granularity)	C	A	\(\mathit{TCSTR(a)\)	\(\frac{\mathit{TC(a)}{\mathit{ST(a)}\)	"\(\mathit{TC(a)\) returns the total cost of activity \(a\).
\newline \(\mathit{ST(a)\) returns the total service time of activity \(a\). \\"
Total Cost and Service Time Ratio (case granularity)	C	C	\(\mathit{TCSTR(c)\)	\(\frac{\mathit{TC(c)}{\mathit{ST(c)}\)	"\(\mathit{TC(c)\) returns the total cost of case \(c\).
\newline \(\mathit{ST(c)\) returns the total service time of case \(c\). \\"
Total Cost and Service Time Ratio (group of cases granularity)	C	G	\(\mathit{TCSTR(g)\)	\(\frac{\mathit{TC(g)}{\mathit{ST(g)}\)	"\(\mathit{TC(g)\) returns the total cost of case group \(g\).
\newline \(\mathit{ST(g)\) returns the total service time of case group \(g\). \\"
Expected Total Cost and Service Time Ratio	C	G	\(\mathit{e\mathit{TCSTR(g)\)	\(\frac{\mathit{TC(g)}{\mathit{ST(g)}\)	"\(\mathit{TC(g)\) returns the total cost of case group \(g\).
\newline \(\mathit{ST(g)\) returns the total service time of case group \(g\). \\"
Transportation Cost (case granularity)	C	C	\(\mathit{TransC(c)\)	\(#^{}_{\mathit{transc}(c)\)	\(#^{}_{\mathit{transc}\) returns the transportation cost associated with case \(c\). \\
Transportation Cost (group of cases granularity)	C	G	\(\mathit{TransC(g)\)	\(\sum _{c \in g} \mathit{TransC(c)\)	\(\mathit{TransC(c)\) returns the transportation cost for case \(c\). \\
Expected Transportation Cost	C	G	\(\mathit{e\mathit{TransC(g)\)	\(\frac{\mathit{TransC(g)}{\mathit{C(g)}\)	"\(\mathit{TransC(g)\) returns the total transportation cost for group \(g\).
\newline \(\mathit{C(g)\) returns the number of cases in group \(g\). \\"
Variable Cost considering single events of activity instances (activity instance granularity)	C	I	\(\mathit{VC\mathit{^{sgl(i)\)	"\(\begin{cases}
#^{}_{\mathit{vc}(\mathit{cpl(i)) & \mathit{if \  #^{}_{\mathit{vc}(\mathit{cpl(i)) \neq undefined \\
#^{}_{\mathit{vc}(\mathit{str(i)) & \mathit{if \  #^{}_{\mathit{vc}(\mathit{cpl(i)) = undefined \land #^{}_{\mathit{vc}(\mathit{str(i)) \neq undefined \\
undefined & \mathit{if \  #^{}_{\mathit{vc}(\mathit{cpl(i)) = undefined \land #^{}_{\mathit{vc}(\mathit{str(i)) = undefined \\
\end{cases}\)"	"\(#^{}_{\mathit{vc}\) returns the variable cost associated with an event.
\newline \(\mathit{cpl(i)\) returns the completion event of activity instance \(i\).
\newline \(\mathit{str(i)\) returns the start event of activity instance \(i\). \\"
Variable Cost considering the sum of all events of activity instances (activity instance granularity)	C	I	\(\mathit{VC\mathit{^{sum(i)\)	"\(\begin{cases}
#^{}_{\mathit{vc}(\mathit{str(i)) + & \\ #^{}_{\mathit{vc}(\mathit{cpl(i)) & \mathit{if \  #^{}_{\mathit{vc}(\mathit{cpl(i)) \neq undefined \land #^{}_{\mathit{vc}(\mathit{str(i)) \neq undefined \\
undefined & \mathit{if \  #^{}_{\mathit{vc}(\mathit{cpl(i)) = undefined \lor #^{}_{\mathit{vc}(\mathit{str(i)) = undefined \\
\end{cases}\)"	"\(#^{}_{\mathit{vc}\) returns the variable cost associated with an event.
\newline \(\mathit{str(i)\) returns the start event of activity instance \(i\).
\newline \(\mathit{cpl(i)\) returns the completion event of activity instance \(i\). \\"
Variable Cost (activity granularity)	C	A	\(\mathit{VC(a)\)	\(\sum _{i \in \mathit{inst(a)} \mathit{VC(i)\)	"\(\mathit{inst(a)\) returns the set of all instances of activity \(a\).
\newline \(\mathit{VC(i)\) returns the variable cost of activity instance \(i\). \\"
Variable Cost (case granularity)	C	C	\(\mathit{VC(c)\)	\(\sum _{i \in \mathit{inst(c)} \mathit{VC(i)\)	"\(\mathit{inst(c)\) returns the set of all activity instances in case \(c\).
\newline \(\mathit{VC(i)\) returns the variable cost of activity instance \(i\). \\"
Variable Cost (group of cases granularity)	C	G	\(\mathit{VC(g)\)	\(\sum _{c \in g} \mathit{VC(c)\)	\(\mathit{VC(c)\) returns the variable cost for case \(c\). \\
Expected Variable Cost	C	G	\(\mathit{e\mathit{VC(g)\)	\(\frac{\mathit{VC(g)}{\mathit{C(g)}\)	"\(\mathit{VC(g)\) returns the total variable cost for group \(g\).
\newline \(\mathit{C(g)\) returns the number of cases in group \(g\). \\"
Warehousing Cost (case granularity)	C	C	\(\mathit{WareC(c)\)	\(#^{}_{\mathit{warec}(c)\)	\(#^{}_{\mathit{warec}\) returns the warehousing cost associated with case \(c\). \\
Warehousing Cost (group of cases granularity)	C	G	\(\mathit{WareC(g)\)	\(\sum _{c \in g} \mathit{WareC(c)\)	\(\mathit{WareC(c)\) returns the warehousing cost for case \(c\). \\
Expected Warehousing Cost	C	G	\(\mathit{e\mathit{WareC(g)\)	\(\frac{\mathit{WareC(g)}{\mathit{C(g)}\)	"\(\mathit{WareC(g)\) returns the total warehousing cost for group \(g\).
\newline \(\mathit{C(g)\) returns the number of cases in group \(g\). \\"
activity Instance count by Human Resource (activity granularity)	Q	A	\(\mathit{IbyHR(a, \mathit{hr)\)	"\(\displaystyle \sum_{i \in \mathit{inst(a)}
\begin{cases}
1 & \text{if } \mathit{hres(i) = \mathit{hr \\
0 & \text{otherwise}
\end{cases}
\)"	"\(\mathit{inst(a)\) returns the set of all instances of activity \(a\).
\newline \(\mathit{hres(i)\) returns the human resource associated with activity instance \(i\). \\"
activity Instance count by Human Resource (case granularity)	Q	C	\(\mathit{IbyHR(c, \mathit{hr)\)	"\(\displaystyle \sum_{i \in \mathit{inst(c)}
\begin{cases}
1 & \text{if } \mathit{hres(i) = \mathit{hr \\
0 & \text{otherwise}
\end{cases}
\)"	"\(\mathit{inst(c)\) returns the set of all activity instances in case \(c\).
\newline \(\mathit{hres(i)\) returns the human resource associated with activity instance \(i\). \\"
activity Instance count by Human Resource (group of cases granularity)	Q	G	\(\mathit{IbyHR(g, \mathit{hr)\)	\(\sum _{c \in g} \mathit{IbyHR(c, \mathit{hr)\)	\(\mathit{IbyHR(c, \mathit{hr)\) returns the activity instance count by human resource \(\mathit{hr\) in case \(c\). \\
Expected activity Instance count by Human Resource	Q	G	\(\mathit{e\mathit{IbyHR(g, \mathit{hr)\)	\(\frac{\mathit{IbyHR(g, \mathit{hr)}{\mathit{C(g)}\)	"\(\mathit{IbyHR(g, \mathit{hr)\) returns the total activity instance count by human resource \(\mathit{hr\) in group \(g\).
\newline \(\mathit{C(g)\) returns the number of cases in group \(g\). \\"
activity Instance count by Role (case granularity)	Q	C	\(\mathit{IbyRole(c, \mathit{rl)\)	"\(\displaystyle \sum_{i \in \mathit{inst(c)}
\begin{cases}
1 & \text{if } \mathit{role(i) = \mathit{rl \\
0 & \text{otherwise}
\end{cases}
\)"	"\(\mathit{inst(c)\) returns the set of all activity instances in case \(c\).
\newline \(\mathit{role(i)\) returns the role associated with activity instance \(i\). \\"
activity Instance count by Role (group of cases granularity)	Q	G	\(\mathit{IbyRole(g, \mathit{rl)\)	\(\sum _{c \in g} \mathit{IbyRole(c, \mathit{rl)\)	\(\mathit{IbyRole(c, \mathit{rl)\) returns the activity instance count by role \(\mathit{rl\) in case \(c\). \\
Expected activity Instance count by Role	Q	G	\(\mathit{e\mathit{IbyRole(g, \mathit{rl)\)	\(\frac{\mathit{IbyRole(g, \mathit{rl)}{\mathit{C(g)}\)	"\(\mathit{IbyRole(g, \mathit{rl)\) returns the total activity instance count by role \(\mathit{rl\) in group \(g\).
\newline \(\mathit{C(g)\) returns the number of cases in group \(g\). \\"
Automated Activity count (case granularity)	Q	C	\(\mathit{Auta(c)\)	"\(\sum_{a \in \mathit{act(c)} 
\begin{cases}
1 & \text{if } a \text{ is automated} \\
0 & \text{otherwise}
\end{cases}\)"	$\mathit{act(c)$ returns the set of unique activities that occur in case $c$.\\
Automated Activity count (group of cases granularity)	Q	G	\(\mathit{Auta(g)\)	"\(\sum_{a \in \mathit{act(g)} 
\begin{cases}
1 & \text{if } a \text{ is automated} \\
0 & \text{otherwise}
\end{cases}\)"	$\mathit{act(g)$ returns the set of unique activities that occur in group of cases $g$.\\
Expected Automated Activity count	Q	G	\(\mathit{e\mathit{Auta(g)\)	\(\frac{\sum _{c \in g} \mathit{Auta(c)}{\mathit{C(g)}\)	"\(\mathit{Auta(c)\) returns the automated activity count for case \(c\).
\newline \(\mathit{C(g)\) returns the number of cases in group \(g\). \\"
Automated activity Instance count (case granularity)	Q	C	\(\mathit{Auti(c)\)	"\(\sum_{i \in \mathit{inst(c)}
\begin{cases}
1 & \text{if } \mathit{act(i) \text{ is automated} \\
0 & \text{otherwise}
\end{cases}\)"	"$\mathit{inst(c)$ returns the set of activity instances that occur in case $c$.
\newline $\mathit{act(i)$ returns the activity associated to activity instance $i$.\\"
Automated activity Instance count (group of cases granularity)	Q	G	\(\mathit{Auti(g)\)	\(\sum _{c \in g} \mathit{Auti(c)\)	\(\mathit{Auti(c)\) returns the automated activity instance count for case \(c\). \\
Expected Automated activity Instance count	Q	G	\(\mathit{e\mathit{Auti(g)\)	\(\frac{\mathit{Auti(g)}{\mathit{C(g)}\)	"\(\mathit{Auti(g)\) returns the total automated activity instance count for group \(g\).
\newline \(\mathit{C(g)\) returns the number of cases in group \(g\). \\"
Case and Client count Ratio (group of cases granularity)	Q	G	\(\mathit{CCliR(g)\)	\(\frac{\mathit{C(g)}{\mathit{Cli(g)}\)	"\(\mathit{C(g)\) returns the number of cases in group \(g\).
\newline \(\mathit{Cli(g)\) returns the number of clients associated with group \(g\). \\"
Case Count where Activity after Time Frame (group of cases granularity)	Q	G	\(\mathit{CApastTFC(g, \mathit{a, \mathit{et)\)	"\(\displaystyle \sum_{c \in g}
\begin{cases}
1 & \text{if } \exists i \in \mathit{inst(c, \mathit{a)[\mathit{stime(i) \geq \mathit{et] \\
0 & \text{otherwise}
\end{cases}
\)"	"\(\mathit{inst(c, \mathit{a)\) returns the set of all instances of activity \(\mathit{a\) in case \(c\).
\newline \(\mathit{stime(i)\) returns the start timestamp of activity instance \(i\). \\"
Case Count where Activity before Time Frame (group of cases granularity)	Q	G	\(\mathit{CAdueTFC(g, \mathit{a, \mathit{st)\)	"\(\displaystyle \sum_{c \in g}
\begin{cases}
1 & \text{if } \exists i \in \mathit{inst(c, \mathit{a)[\mathit{stime(i) \leq \mathit{st] \\
0 & \text{otherwise}
\end{cases}
\)"	"\(\mathit{inst(c, \mathit{a)\) returns the set of all instances of activity \(\mathit{a\) in case \(c\).
\newline \(\mathit{stime(i)\) returns the start timestamp of activity instance \(i\). \\"
Case Count where Activity during Time Frame (group of cases granularity)	Q	G	\(\mathit{CAinTFC(g, \mathit{a, \mathit{st, \mathit{et)\)	"\(\displaystyle \sum_{c \in g}
\begin{cases}
1 & \text{if } \exists i \in \mathit{inst(c, \mathit{a)[\mathit{st \leq \mathit{stime(i) \land \mathit{stime(i) \leq \mathit{et] \\
0 & \text{otherwise}
\end{cases}
\)"	"\(\mathit{inst(c, \mathit{a)\) returns the set of all instances of activity \(\mathit{a\) in case \(c\).
\newline \(\mathit{stime(i)\) returns the start timestamp of activity instance \(i\). \\"
Case Count where end activity is A (group of cases granularity)	Q	G	\(\mathit{CendAC(g, \mathit{a)\)	"\(\displaystyle \sum_{c \in g}
\begin{cases}
1 & \text{if } \exists i \in \mathit{endin(c)[\mathit{act(i) = \mathit{a] \\
0 & \text{otherwise}
\end{cases}
\)"	"\(\mathit{endin(c)\) returns the set of last activity instances in case \(c\).
\newline \(\mathit{act(i)\) returns the activity of activity instance \(i\). \\"
Case Count where start activity is A (group of cases granularity)	Q	G	\(\mathit{CstartAC(g, \mathit{a)\)	"\(\displaystyle \sum_{c \in g}
\begin{cases}
1 & \text{if } \exists i \in \mathit{strin(c)[\mathit{act(i) = \mathit{a] \\
0 & \text{otherwise}
\end{cases}
\)"	"\(\mathit{strin(c)\) returns the set of first activity instances in case \(c\).
\newline \(\mathit{act(i)\) returns the activity of activity instance \(i\). \\"
Case Count with Rework (group of cases granularity)	Q	G	\(\mathit{CRewC(g)\)	"\(\displaystyle \sum_{c \in g}
\begin{cases}
1 & \text{if } \mathit{RewC(c) > 0 \\
0 & \text{otherwise}
\end{cases}
\)"	\(\mathit{RewC(c)\) returns the rework count for case \(c\). \\
Case Percentage where Activity after Time Frame (group of cases granularity)	Q	G	\(\mathit{CApastTFP(g, \mathit{a, \mathit{et)\)	\(\frac{\mathit{CApastTFC(g, \mathit{a, \mathit{et)}{\mathit{C(g)}\)	"\(\mathit{CApastTFC(g, \mathit{a, \mathit{et)\) returns the case count where activity \(\mathit{a\) starts after time frame \(\mathit{et\) in group \(g\).
\newline \(\mathit{C(g)\) returns the number of cases in group \(g\). \\"
Case Percentage where Activity before Time Frame (group of cases granularity)	Q	G	\(\mathit{CAdueTFP(g, \mathit{a, \mathit{st)\)	\(\frac{\mathit{CAdueTFC(g, \mathit{a, \mathit{st)}{\mathit{C(g)}\)	"\(\mathit{CAdueTFC(g, \mathit{a, \mathit{st)\) returns the case count where activity \(\mathit{a\) starts before time frame \(\mathit{st\) in group \(g\).
\newline \(\mathit{C(g)\) returns the number of cases in group \(g\). \\"
Case Percentage where Activity during Time Frame (group of cases granularity)	Q	G	\(\mathit{CAinTFP(g, \mathit{a, \mathit{st, \mathit{et)\)	\(\frac{\mathit{CAinTFC(g, \mathit{a, \mathit{st, \mathit{et)}{\mathit{C(g)}\)	"\(\mathit{CAinTFC(g, \mathit{a, \mathit{st, \mathit{et)\) returns the case count where activity \(\mathit{a\) starts during the time frame in group \(g\).
\newline \(\mathit{C(g)\) returns the number of cases in group \(g\). \\"
Case Percentage where End Activity is A (group of cases granularity)	Q	G	\(\mathit{CendAP(g, \mathit{a)\)	\(\frac{\mathit{CendAC(g, \mathit{a)}{\mathit{C(g)}\)	"\(\mathit{CendAC(g, \mathit{a)\) returns the case count where the end activity is \(\mathit{a\) in group \(g\).
\newline \(\mathit{C(g)\) returns the number of cases in group \(g\). \\"
Case Percentage where Start Activity is A (group of cases granularity)	Q	G	\(\mathit{CstartAP(g, \mathit{a)\)	\(\frac{\mathit{CstartAC(g, \mathit{a)}{\mathit{C(g)}\)	"\(\mathit{CstartAC(g, \mathit{a)\) returns the case count where the start activity is \(\mathit{a\) in group \(g\).
\newline \(\mathit{C(g)\) returns the number of cases in group \(g\). \\"
Case Percentage with Missed Deadline (group of cases granularity)	Q	G	\(\mathit{CMDP(g, \mathit{val)\)	"\(\displaystyle \frac{
\sum_{c \in g}
\begin{cases}
1 & \text{if } \mathit{endt(c) > \mathit{val \\
0 & \text{otherwise}
\end{cases}
}{\mathit{C(g)}\)"	"\(\mathit{endt(c)\) returns the completion timestamp of case \(c\).
\newline \(\mathit{C(g)\) returns the number of cases in group \(g\). \\"
Case Percentage with Rework (group of cases granularity)	Q	G	\(\mathit{CRewP(g)\)	\(\frac{\mathit{CRewC(g)}{\mathit{C(g)}\)	"\(\mathit{CRewC(g)\) returns the case count with rework in group \(g\).
\newline \(\mathit{C(g)\) returns the number of cases in group \(g\). \\"
Client count and Total Cost Ratio (activity granularity)	Q	A	\(\mathit{CliTCR(a)\)	\(\frac{\mathit{Cli(a)}{\mathit{TC(a)}\)	"\(\mathit{Cli(a)\) returns the number of distinct clients involved in activity \(a\).
\newline \(\mathit{TC(a)\) returns the total cost of activity \(a\). \\"
Client count and Total Cost Ratio (group of cases granularity)	Q	G	\(\mathit{CliTCR(g)\)	\(\frac{\mathit{Cli(g)}{\mathit{TC(g)}\)	"\(\mathit{Cli(g)\) returns the number of distinct clients associated with group \(g\).
\newline \(\mathit{TC(g)\) returns the total cost of case group \(g\). \\"
Expected Client count and Total Cost Ratio	Q	G	\(\mathit{e\mathit{CliTCR(g)\)	\(\frac{\mathit{Cli(g)}{\mathit{TC(g)}\)	"\(\mathit{Cli(g)\) returns the number of distinct clients associated with group \(g\).
\newline \(\mathit{TC(g)\) returns the total cost of case group \(g\). \\"
Desired Activity count (case granularity)	Q	C	\(\mathit{DAC(c)\)	\(\mathit{count(\mathit{Desl \cap \mathit{act(c))\)	"\(\mathit{Desl\) returns the set of desired activities.
\newline \(\mathit{act(c)\) returns the set of activities that occurred in case \(c\). \\"
Desired Activity count (group of cases granularity)	Q	G	\(\mathit{DAC(g)\)	\(\mathit{count(\mathit{Desl \cap (\cup_{c \in g} \mathit{act(c)))\)	"\(\mathit{Desl\) returns the set of desired activities.
\newline \(\mathit{act(c)\) returns the set of activities that occurred in case \(c\). \\"
Expected Desired Activity count	Q	G	\(\mathit{e\mathit{DAC(g)\)	\(\frac{\sum _{c \in g} \mathit{DAC(c)}{\mathit{C(g)}\)	"\(\mathit{DAC(c)\) returns the desired activity count for case \(c\).
\newline \(\mathit{C(g)\) returns the number of cases in group \(g\). \\"
Human Resource count (activity granularity)	Q	A	\(\mathit{HR(a)\)	\(\mathit{count(\mathit{hres(a))\)	$\mathit{hres(a)$ returns the set of human resources that perform activity $a$ in the event log. \\
Human Resource count (case granularity)	Q	C	\(\mathit{HR(c)\)	\(\mathit{count(\mathit{hres(c))\)	$\mathit{hres(c)$ returns the set of human resources that work in case $c$. \\
Human Resource count (group of cases granularity)	Q	G	\(\mathit{HR(g)\)	\(\mathit{count(\mathit{hres(g))\)	$\mathit{hres(g)$ returns the set of human resources that work in group of cases $g$. \\
Expected Human Resource count	Q	G	$e$\(\mathit{HR(g)\)	\(\frac{\sum _{c \in \mathit{cases(g)} \mathit{HR(c)}{\mathit{C(g)}\)	"$\mathit{cases(g)$ returns the set of cases in group of cases $g$.
\newline $\mathit{HR(c)$ returns the human resource count of case $c$.
\newline $\mathit{C(g)$ returns the case count of group of cases $g$. \\"
Non-Automated Activity count (case granularity)	Q	C	\(\mathit{NAutA(c)\)	"\(\displaystyle \sum_{a \in \mathit{act(c)}
\begin{cases}
1 & \text{if } a \notin \mathit{Autl \\
0 & \text{otherwise}
\end{cases}
\)"	"\(\mathit{act(c)\) returns the set of activities that occurred in case \(c\).
\newline \(\mathit{Autl\) returns the set of automated activities. \\"
Non-Automated Activity count (group of cases granularity)	Q	G	\(\mathit{NAutA(g)\)	"\(\displaystyle \sum_{a \in (\cup _{c \in g} \mathit{act(c))}
\begin{cases}
1 & \text{if } a \notin \mathit{Autl \\
0 & \text{otherwise}
\end{cases}
\)"	"\(\mathit{act(c)\) returns the set of activities that occurred in case \(c\).
\newline \(\mathit{Autl\) returns the set of automated activities. \\"
Expected Non-Automated Activity count (group of cases granularity)	Q	G	\(\mathit{NAutA(g)\)	\(\frac{\sum _{c \in g} \mathit{NAutA(c)}{\mathit{C(g)}\)	"\(\mathit{NAutA(c)\) returns the non-automated activity count for case \(c\).
\newline \(\mathit{C(g)\) returns the number of cases in group \(g\). \\"
Non-Automated activity Instance count (case granularity)	Q	C	\(\mathit{NAutI(c)\)	"\(\displaystyle \sum_{i \in \mathit{inst(c)}
\begin{cases}
1 & \text{if } \mathit{act(i) \notin \mathit{Autl \\
0 & \text{otherwise}
\end{cases}
\)"	"\(\mathit{inst(c)\) returns the set of all activity instances in case \(c\).
\newline \(\mathit{act(i)\) returns the activity of activity instance \(i\).
\newline \(\mathit{Autl\) returns the set of automated activities. \\"
Non-Automated activity Instance count (group of cases granularity)	Q	G	\(\mathit{NAutI(g)\)	\(\sum _{c \in g} \mathit{NAutI(c)\)	\(\mathit{NAutI(c)\) returns the non-automated activity instance count for case \(c\). \\
Expected Non-Automated activity Instance count	Q	G	\(\mathit{e\mathit{NAutI(g)\)	\(\frac{\mathit{NAutI(g)}{\mathit{C(g)}\)	"\(\mathit{NAutI(g)\) returns the total non-automated activity instance count for group \(g\).
\newline \(\mathit{C(g)\) returns the number of cases in group \(g\). \\"
outcome Unit count considering single events of activity instances (activity instance granularity)	Q	I	\(\mathit{U\mathit{^{sgl(i)\)	"\(\begin{cases}
#^{}_{\mathit{unt}(\mathit{cpl(i)) & \mathit{if \  #^{}_{\mathit{unt}(\mathit{cpl(i)) \neq undefined \\
#^{}_{\mathit{unt}(\mathit{str(i)) & \mathit{if \  #^{}_{\mathit{unt}(\mathit{cpl(i)) = undefined \land #^{}_{\mathit{unt}(\mathit{str(i)) \neq undefined \\
undefined & \mathit{if \  #^{}_{\mathit{unt}(\mathit{cpl(i)) = undefined \land #^{}_{\mathit{unt}(\mathit{str(i)) = undefined \\
\end{cases}\)"	"\(#^{}_{\mathit{unt}\) returns the outcome unit count associated with an event.
\newline \(\mathit{cpl(i)\) returns the completion event of activity instance \(i\).
\newline \(\mathit{str(i)\) returns the start event of activity instance \(i\). \\"
outcome Unit count considering the sum of all events of activity instances (activity instance granularity)	Q	I	\(\mathit{U\mathit{^{sum(i)\)	"\(\begin{cases}
#^{}_{\mathit{unt}(\mathit{str(i)) + #^{}_{\mathit{unt}(\mathit{cpl(i)) & \mathit{if \  #^{}_{\mathit{unt}(\mathit{cpl(i)) \neq undefined \land \\ & #^{}_{\mathit{unt}(\mathit{str(i)) \neq undefined \\
undefined & \mathit{if \  #^{}_{\mathit{unt}(\ \mathit{cpl(i)) = undefined \lor #^{}_{\mathit{unt}(\mathit{str(i)) = undefined \\
\end{cases}\)"	"\(#^{}_{\mathit{unt}\) returns the outcome unit count associated with an event.
\newline \(\mathit{str(i)\) returns the start event of activity instance \(i\).
\newline \(\mathit{cpl(i)\) returns the completion event of activity instance \(i\). \\"
outcome Unit count (activity granularity)	Q	A	\(\mathit{U(a)\)	\(\sum _{i \in \mathit{inst(a)} \mathit{U(i)\)	"\(\mathit{inst(a)\) returns the set of all instances of activity \(a\).
\newline \(\mathit{U(i)\) returns the outcome unit count of activity instance \(i\). \\"
outcome Unit count (case granularity)	Q	C	\(\mathit{U(c)\)	\(\sum _{i \in \mathit{inst(c)} \mathit{U(i)\)	"\(\mathit{inst(c)\) returns the set of all activity instances in case \(c\).
\newline \(\mathit{U(i)\) returns the outcome unit count of activity instance \(i\). \\"
outcome Unit count (group of cases granularity)	Q	G	\(\mathit{U(g)\)	\(\sum _{c \in g} \mathit{U(c)\)	\(\mathit{U(c)\) returns the outcome unit count of case \(c\). \\
Expected outcome Unit count	Q	G	\(\mathit{e\mathit{U(g)\)	\(\frac{\mathit{U(g)}{\mathit{C(g)}\)	"\(\mathit{U(g)\) returns the total outcome unit count for group \(g\).
\newline \(\mathit{C(g)\) returns the number of cases in group \(g\). \\"
Overall Quality (case granularity)	Q	C	\(\mathit{OQ(c)\)	\(#^{}_{\mathit{qual}(c)\)	\(#^{}_{\mathit{qual}\) returns the overall quality associated with case \(c\). \\
Expected Overall Quality	Q	G	\(\mathit{e\mathit{OQ(g)\)	\(\frac{\sum _{c \in g} \mathit{OQ(c)}{\mathit{C(g)}\)	"\(\mathit{OQ(c)\) returns the overall quality associated with case \(c\).
\newline \(\mathit{C(g)\) returns the number of cases in group \(g\). \\"
Repeatability (case granularity)	Q	C	\(\mathit{Rep(c)\)	\(1 - \frac{\mathit{A(c)}{\mathit{I(c)}\)	"\(\mathit{A(c)\) returns the number of unique activities in case \(c\).
\newline \(\mathit{I(c)\) returns the total number of activity instances in case \(c\). \\"
Repeatability (group of cases granularity)	Q	G	\(\mathit{Rep(g)\)	\(1 - \frac{\mathit{A(g)}{\mathit{I(g)}\)	"\(\mathit{A(g)\) returns the number of unique activities in group \(g\).
\newline \(\mathit{I(g)\) returns the total number of activity instances in group \(g\). \\"
Expected Repeatability	Q	G	\(\mathit{e\mathit{Rep(g)\)	\(1 - \frac{\sum _{c \in g} \mathit{A(c)}{\mathit{I(g)}\)	"\(\mathit{A(c)\) returns the number of unique activities in case \(c\).
\newline \(\mathit{I(g)\) returns the total number of activity instances in group \(g\). \\"
Rework Count (activity granularity)	Q	A	\(\mathit{RewC(a)\)	\(\sum _{c \in C} \mathit{max(0, \mathit{count(c, a) - 1)\)	\(\mathit{count(c, a)\) returns the number of instances of activity \(a\) in case \(c\). \\
Rework Count (case granularity)	Q	C	\(\mathit{RewC(c)\)	\(\sum _{a \in A} \mathit{max(0, \mathit{count(c, a) - 1)\)	\(\mathit{count(c, a)\) returns the number of instances of activity \(a\) in case \(c\). \\
Rework Count (group of cases granularity)	Q	G	\(\mathit{RewC(g)\)	\(\sum _{c \in g} \mathit{RewC(c)\)	\(\mathit{RewC(c)\) returns the rework count for case \(c\). \\
Expected Rework Count	Q	G	\(\mathit{e\mathit{RewC(g)\)	\(\frac{\mathit{RewC(g)}{\mathit{C(g)}\)	"\(\mathit{RewC(g)\) returns the total rework count for group \(g\).
\newline \(\mathit{C(g)\) returns the number of cases in group \(g\). \\"
Rework Count by Value (activity granularity)	Q	A	\(\mathit{RewCV(a, \mathit{val)\)	\(\sum _{c \in C} \mathit{max(0, \mathit{count(c, a) - \mathit{val)\)	\(\mathit{count(c, a)\) returns the number of instances of activity \(a\) in case \(c\). \\
Rework Count by Value (case granularity)	Q	C	\(\mathit{RewCV(c, \mathit{val)\)	\(\sum _{a \in A} \mathit{max(0, \mathit{count(c, a) - \mathit{val)\)	\(\mathit{count(c, a)\) returns the number of instances of activity \(a\) in case \(c\). \\
Rework Count by Value (group of cases granularity)	Q	G	\(\mathit{RewCV(g, \mathit{val)\)	\(\sum _{c \in g} \mathit{RewCV(c, \mathit{val)\)	\(\mathit{RewCV(c, \mathit{val)\) returns the rework count by value \(\mathit{val\) for case \(c\). \\
Expected Rework Count by Value	Q	G	\(\mathit{e\mathit{RewCV(g, \mathit{val)\)	\(\frac{\mathit{RewCV(g, \mathit{val)}{\mathit{C(g)}\)	"\(\mathit{RewCV(g, \mathit{val)\) returns the total rework count by value \(\mathit{val\) for group \(g\).
\newline \(\mathit{C(g)\) returns the number of cases in group \(g\). \\"
Rework of activities Subset (case granularity)	Q	C	\(\mathit{RewSub(c, \mathit{sub)\)	\(\sum _{a \in \mathit{sub} \mathit{max(0, \mathit{count(c, a) - 1)\)	\(\mathit{count(c, a)\) returns the number of instances of activity \(a\) in case \(c\). \\
Rework of activities Subset (group of cases granularity)	Q	G	\(\mathit{RewSub(g, \mathit{sub)\)	\(\sum _{c \in g} \mathit{RewSub(c, \mathit{sub)\)	\(\mathit{RewSub(c, \mathit{sub)\) returns the rework count for subset \(\mathit{sub\) in case \(c\). \\
Expected Rework of activities Subset	Q	G	\(\mathit{e\mathit{RewSub(g, \mathit{sub)\)	\(\frac{\mathit{RewSub(g, \mathit{sub)}{\mathit{C(g)}\)	"\(\mathit{RewSub(g, \mathit{sub)\) returns the total rework count for subset \(\mathit{sub\) in group \(g\).
\newline \(\mathit{C(g)\) returns the number of cases in group \(g\). \\"
Rework Percentage (activity granularity)	Q	A	\(\mathit{RewP(a)\)	\(\frac{\mathit{RewC(a)}{\mathit{I(a)}\)	"\(\mathit{RewC(a)\) returns the rework count for activity \(a\).
\newline \(\mathit{I(a)\) returns the total number of instances of activity \(a\). \\"
Rework Percentage (case granularity)	Q	C	\(\mathit{RewP(c)\)	\(\frac{\mathit{RewC(c)}{\mathit{I(c)}\)	"\(\mathit{RewC(c)\) returns the rework count for case \(c\).
\newline \(\mathit{I(c)\) returns the total number of activity instances in case \(c\). \\"
Rework Percentage (group of cases granularity)	Q	G	\(\mathit{RewP(g)\)	\(\frac{\mathit{RewC(g)}{\mathit{I(g)}\)	"\(\mathit{RewC(g)\) returns the total rework count for group \(g\).
\newline \(\mathit{I(g)\) returns the total number of activity instances in group \(g\). \\"
Expected Rework Percentage	Q	G	\(\mathit{e\mathit{RewP(g)\)	\(\frac{\sum _{c \in g} \mathit{RewP(c)}{\mathit{C(g)}\)	"\(\mathit{RewP(c)\) returns the rework percentage for case \(c\).
\newline \(\mathit{C(g)\) returns the number of cases in group \(g\). \\"
Rework Percentage by Value (activity granularity)	Q	A	\(\mathit{RewPV(a, \mathit{val)\)	\(\frac{\mathit{RewCV(a, \mathit{val)}{\mathit{I(a)}\)	"\(\mathit{RewCV(a, \mathit{val)\) returns the rework count by value \(\mathit{val\) for activity \(a\).
\newline \(\mathit{I(a)\) returns the total number of instances of activity \(a\). \\"
Rework Percentage by Value (case granularity)	Q	C	\(\mathit{RewPV(c, \mathit{val)\)	\(\frac{\mathit{RewCV(c, \mathit{val)}{\mathit{I(c)}\)	"\(\mathit{RewCV(c, \mathit{val)\) returns the rework count by value \(\mathit{val\) for case \(c\).
\newline \(\mathit{I(c)\) returns the total number of activity instances in case \(c\). \\"
Rework Percentage by Value (group of cases granularity)	Q	G	\(\mathit{RewPV(g, \mathit{val)\)	\(\frac{\mathit{RewCV(g, \mathit{val)}{\mathit{I(g)}\)	"\(\mathit{RewCV(g, \mathit{val)\) returns the rework count by value \(\mathit{val\) for group \(g\).
\newline \(\mathit{I(g)\) returns the total number of activity instances in group \(g\). \\"
Expected Rework Percentage by Value	Q	G	\(\mathit{e\mathit{RewPV(g)\)	\(\frac{\sum _{c \in g} \mathit{RewPV(c, \mathit{val)}{\mathit{C(g)}\)	"\(\mathit{RewPV(c, \mathit{val)\) returns the rework percentage by value \(\mathit{val\) for case \(c\).
\newline \(\mathit{C(g)\) returns the number of cases in group \(g\). \\"
Rework Time (activity granularity)	Q	A	\(\mathit{RT(a)\)	\(\mathit{LT(a) - \sum _{c \in C} \mathit{filt(c, a)\)	"\(\mathit{LT(a)\) returns the total lead time of activity \(a\).
\newline \(\mathit{filt(c, a)\) returns the lead time of the first instance of activity \(a\) in case \(c\). \\"
Rework Time (case granularity)	Q	C	\(\mathit{RT(c)\)	\(\mathit{LT(c) - \sum _{a \in A} \mathit{filt(c, a)\)	"\(\mathit{LT(c)\) returns the total lead time of case \(c\).
\newline \(\mathit{filt(c, a)\) returns the lead time of the first instance of activity \(a\) in case \(c\). \\"
Rework Time (group of cases granularity)	Q	G	\(\mathit{RT(g)\)	\(\sum _{c \in g} \mathit{RT(c)\)	\(\mathit{RT(c)\) returns the rework time for case \(c\). \\
Expected Rework Time	Q	G	\(\mathit{e\mathit{RT(g)\)	\(\frac{\mathit{RT(g)}{\mathit{C(g)}\)	"\(\mathit{RT(g)\) returns the total rework time for group \(g\).
\newline \(\mathit{C(g)\) returns the number of cases in group \(g\). \\"
Successful outcome Unit Count (activity instance granularity)	Q	I	\(\mathit{SUC(i)\)	"\(\begin{cases}
\mathit{U(i) - #^{}_{\mathit{uns}(\mathit{cpl(i)) & \mathit{if \  #^{}_{\mathit{uns}(\mathit{cpl(i)) \neq undefined \\
\mathit{U(i) & \mathit{if \  #^{}_{\mathit{uns}(\mathit{cpl(i)) = undefined \\
\end{cases}\)"	"\(\mathit{U(i)\) returns the outcome unit count of activity instance \(i\).
\newline \(#^{}_{\mathit{uns}\) returns the unsuccessful outcome unit count associated with an event.
\newline \(\mathit{cpl(i)\) returns the completion event of activity instance \(i\). \\"
Successful outcome Unit Count (activity granularity)	Q	A	\(\mathit{SUC(a)\)	\(\sum _{i \in \mathit{inst(a)} \mathit{SUC(i)\)	"\(\mathit{inst(a)\) returns the set of all instances of activity \(a\).
\newline \(\mathit{SUC(i)\) returns the successful outcome unit count of activity instance \(i\). \\"
Successful outcome Unit Count (case granularity)	Q	C	\(\mathit{SUC(c)\)	\(\sum _{i \in \mathit{inst(c)} \mathit{SUC(i)\)	"\(\mathit{inst(c)\) returns the set of all activity instances in case \(c\).
\newline \(\mathit{SUC(i)\) returns the successful outcome unit count of activity instance \(i\). \\"
Successful outcome Unit Count (group of cases granularity)	Q	G	\(\mathit{SUC(g)\)	\(\sum _{c \in G} \mathit{SUC(c)\)	\(\mathit{SUC(c)\) returns the successful outcome unit count for case \(c\). \\
Expected Successful outcome Unit Count	Q	G	\(\mathit{e\mathit{SUC(g)\)	\(\frac{\mathit{SUC(g)}{\mathit{C(g)}\)	"\(\mathit{SUC(g)\) returns the total successful outcome unit count for group \(g\).
\newline \(\mathit{C(g)\) returns the number of cases in group \(g\). \\"
Successful outcome Unit Percentage (activity instance granularity)	Q	I	\(\mathit{SUP(i)\)	\(\frac{\mathit{SUC(i)}{\mathit{U(i)}\)	"\(\mathit{SUC(i)\) returns the successful outcome unit count of activity instance \(i\).
\newline \(\mathit{U(i)\) returns the outcome unit count of activity instance \(i\). \\"
Successful outcome Unit Percentage (activity granularity)	Q	A	\(\mathit{SUP(a)\)	\(\frac{\mathit{SUC(a)}{\mathit{U(a)}\)	"\(\mathit{SUC(a)\) returns the successful outcome unit count of activity \(a\).
\newline \(\mathit{U(a)\) returns the total outcome unit count of activity \(a\). \\"
Successful outcome Unit Percentage (case granularity)	Q	C	\(\mathit{SUP(c)\)	\(\frac{\mathit{SUC(c)}{\mathit{U(c)}\)	"\(\mathit{SUC(c)\) returns the successful outcome unit count of case \(c\).
\newline \(\mathit{U(c)\) returns the total outcome unit count of case \(c\). \\"
Successful outcome Unit Percentage (group of cases granularity)	Q	G	\(\mathit{SUP(g)\)	\(\frac{\mathit{SUC(g)}{\mathit{U(g)}\)	"\(\mathit{SUC(g)\) returns the total successful outcome unit count of case group \(g\).
\newline \(\mathit{U(g)\) returns the total outcome unit count of case group \(g\). \\"
Expected Successful outcome Unit Percentage	Q	G	\(\mathit{e\mathit{SUP(g)\)	\(\frac{\sum _{c \in g} \mathit{SUP(c)}{\mathit{C(g)}\)	"\(\mathit{SUP(c)\) returns the successful outcome unit percentage of case \(c\).
\newline \(\mathit{C(g)\) returns the number of cases in group \(g\). \\"
Total Cost and Client count Ratio (activity granularity)	Q	A	\(\mathit{TCCliR(a)\)	\(\frac{\mathit{TC(a)}{\mathit{Cli(a)}\)	"\(\mathit{TC(a)\) returns the total cost of activity \(a\).
\newline \(\mathit{Cli(a)\) returns the number of distinct clients involved in activity \(a\). \\"
Total Cost and Client count Ratio (group of cases granularity)	Q	G	\(\mathit{TCCliR(g)\)	\(\frac{\mathit{TC(g)}{\mathit{Cli(g)}\)	"\(\mathit{TC(g)\) returns the total cost of case group \(g\).
\newline \(\mathit{Cli(g)\) returns the number of distinct clients associated with group \(g\). \\"
Expected Total Cost and Client count Ratio	Q	G	\(\mathit{e\mathit{TCCliR(g)\)	\(\frac{\mathit{TC(g)}{\mathit{Cli(g)}\)	"\(\mathit{TC(g)\) returns the total cost of case group \(g\).
\newline \(\mathit{Cli(g)\) returns the number of distinct clients associated with group \(g\). \\"
Unwanted Activity count (case granularity)	Q	C	\(\mathit{UAC(c)\)	"\(\displaystyle \sum_{a \in \mathit{act(c)}
\begin{cases}
1 & \text{if } a \in \mathit{Unwl \\
0 & \text{otherwise}
\end{cases}
\)"	"\(\mathit{Unwl\) returns the set of unwanted activities.
\newline \(\mathit{act(c)\) returns the set of activities that occurred in case \(c\). \\"
Unwanted Activity count (group of cases granularity)	Q	G	\(\mathit{UAC(g)\)	"\(\displaystyle \sum_{a \in (\cup_{c \in g} \mathit{act(c))}
\begin{cases}
1 & \text{if } a \in \mathit{Unwl \\
0 & \text{otherwise}
\end{cases}
\)"	"\(\mathit{Unwl\) returns the set of unwanted activities.
\newline \(\mathit{act(c)\) returns the set of activities that occurred in case \(c\). \\"
Expected Unwanted Activity count	Q	G	\(\mathit{UAC(g)\)	\(\frac{\sum _{c \in g} \mathit{UAC(c)}{\mathit{C(g)}\)	"\(\mathit{UAC(c)\) returns the unwanted activity count for case \(c\).
\newline \(\mathit{C(g)\) returns the number of cases in group \(g\). \\"
Unwanted Activity Percentage (case granularity)	Q	C	\(\mathit{UAP(c)\)	\(\frac{\mathit{UAC(c)}{\mathit{A(c)}\)	"\(\mathit{UAC(c)\) returns the unwanted activity count for case \(c\).
\newline \(\mathit{A(c)\) returns the number of unique activities in case \(c\). \\"
Unwanted Activity Percentage (group of cases granularity)	Q	G	\(\mathit{UAP(g)\)	\(\frac{\mathit{UAC(g)}{\mathit{A(g)}\)	"\(\mathit{UAC(g)\) returns the unwanted activity count for group \(g\).
\newline \(\mathit{A(g)\) returns the number of unique activities in group \(g\). \\"
Expected Unwanted Activity Percentage	Q	G	\(\mathit{e\mathit{UAP(g)\)	\(\frac{\sum _{c \in g} \mathit{UAP(c)}{\mathit{C(g)}\)	"\(\mathit{UAP(c)\) returns the unwanted activity percentage for case \(c\).
\newline \(\mathit{C(g)\) returns the number of cases in group \(g\). \\"
Unwanted activity Instance count (case granularity)	Q	C	\(\mathit{UIC(c)\)	"\(\displaystyle \sum_{i \in \mathit{inst(c)}
\begin{cases}
1 & \text{if } \mathit{act(i) \in \mathit{Unwl \\
0 & \text{otherwise}
\end{cases}
\)"	"\(\mathit{inst(c)\) returns the set of all activity instances in case \(c\).
\newline \(\mathit{act(i)\) returns the activity of activity instance \(i\).
\newline \(\mathit{Unwl\) returns the set of unwanted activities. \\"
Unwanted activity Instance count (group of cases granularity)	Q	G	\(\mathit{UIC(g)\)	\(\sum _{c \in g} \mathit{UIC(c)\)	\(\mathit{UIC(c)\) returns the unwanted activity instance count for case \(c\). \\
Expected Unwanted activity Instance count	Q	G	\(\mathit{e\mathit{UIC(g)\)	\(\frac{\mathit{UIC(g)}{\mathit{C(g)}\)	"\(\mathit{UIC(g)\) returns the total unwanted activity instance count for group \(g\).
\newline \(\mathit{C(g)\) returns the number of cases in group \(g\). \\"
Unwanted activity Instance Percentage (case granularity)	Q	C	\(\mathit{UIP(c)\)	\(\frac{\mathit{UIC(c)}{\mathit{I(c)}\)	"\(\mathit{UIC(c)\) returns the unwanted activity instance count for case \(c\).
\newline \(\mathit{I(c)\) returns the total number of activity instances in case \(c\). \\"
Unwanted activity Instance Percentage (group of cases granularity)	Q	G	\(\mathit{UIP(g)\)	\(\frac{\mathit{UIC(g)}{\mathit{I(g)}\)	"\(\mathit{UIC(g)\) returns the unwanted activity instance count for group \(g\).
\newline \(\mathit{I(g)\) returns the total number of activity instances in group \(g\). \\"
Expected Unwanted activity Instance Percentage	Q	G	\(\mathit{e\mathit{UIP(g)\)	\(\frac{\sum _{c \in g} \mathit{UIP(c)}{\mathit{C(g)}\)	"\(\mathit{UIP(c)\) returns the unwanted activity instance percentage for case \(c\).
\newline \(\mathit{C(g)\) returns the number of cases in group \(g\). \\"
Activity and Role count Ratio (case granularity)	F	C	\(\mathit{ARoleR(c)\)	\(\frac{\mathit{A(c)}{\mathit{Role(c)}\)	"\(\mathit{A(c)\) returns the number of unique activities in case \(c\).
\newline \(\mathit{Role(c)\) returns the number of unique roles involved in case \(c\). \\"
Activity and Role count Ratio (group of cases granularity)	F	G	\(\mathit{ARoleR(g)\)	\(\frac{\mathit{A(g)}{\mathit{Role(g)}\)	"\(\mathit{A(g)\) returns the number of unique activities in group \(g\).
\newline \(\mathit{Role(g)\) returns the number of unique roles involved in group \(g\). \\"
Expected Activity and Role count Ratio	F	G	\(\mathit{e\mathit{ARoleR(g)\)	\(\frac{\sum _{c \in g} \mathit{A(c)}{\sum _{c \in g} \mathit{Role(c)}\)	"\(\mathit{A(c)\) returns the number of unique activities in case \(c\).
\newline \(\mathit{Role(c)\) returns the number of unique roles involved in case \(c\). \\"
activity Instance and Human Resource count Ratio (activity granularity)	F	A	\(\mathit{IHRR(a)\)	\(\frac{\mathit{I(a)}{\mathit{HR(a)}\)	"\(\mathit{I(a)\) returns the total number of instances of activity \(a\).
\newline \(\mathit{HR(a)\) returns the number of unique human resources that performed activity \(a\). \\"
activity Instance and Human Resource count Ratio (case granularity)	F	C	\(\mathit{IHRR(c)\)	\(\frac{\mathit{I(c)}{\mathit{HR(c)}\)	"\(\mathit{I(c)\) returns the total number of activity instances in case \(c\).
\newline \(\mathit{HR(c)\) returns the number of unique human resources involved in case \(c\). \\"
activity Instance and Human Resource count Ratio (group of cases granularity)	F	G	\(\mathit{IHRR(g)\)	\(\frac{\mathit{I(g)}{\mathit{HR(g)}\)	"\(\mathit{I(g)\) returns the total number of activity instances in group \(g\).
\newline \(\mathit{HR(g)\) returns the number of unique human resources involved in group \(g\). \\"
Expected activity Instance and Human Resource count Ratio	F	G	\(\mathit{e\mathit{IHRR(g)\)	\(\frac{\mathit{I(g)}{\sum _{c \in g} \mathit{HR(c)}\)	"\(\mathit{I(g)\) returns the total number of activity instances in group \(g\).
\newline \(\mathit{HR(c)\) returns the number of unique human resources involved in case \(c\). \\"
Client count (activity granularity)	F	A	\(\mathit{Cli(a)\)	\(\mathit{count(\mathit{Cli(a))\)	\(\mathit{Cli(a)\) returns the set of distinct client identifiers associated with activity $a$. \\
Client count (group of cases granularity)	F	G	\(\mathit{Cli(g)\)	\(\mathit{count(\mathit{Cli(g))\)	\(\mathit{Cli(g)\) returns the set of distinct client identifiers associated with case group $g$. \\
Expected Client count	F	G	\(\mathit{e\mathit{Cli(g)\)	\(\frac{\mathit{Cli(g)}{\mathit{C(g)}\)	"\(\mathit{Cli(g)\) returns the number of distinct clients associated with group \(g\).
\newline \(\mathit{C(g)\) returns the number of cases in group \(g\). \\"
Directly-Follows Relations and Activity count Ratio (case granularity)	F	C	\(\mathit{DFRAR(c)\)	\(\frac{\mathit{DFR(c)}{\mathit{A(c)}\)	"\(\mathit{DFR(c)\) returns the number of unique Directly-Follows Relations (DFR) in case \(c\).
\newline \(\mathit{A(c)\) returns the number of unique activities in case \(c\). \\"
Directly-Follows Relations and Activity count Ratio (group of cases granularity)	F	G	\(\mathit{DFRAR(g)\)	\(\frac{\mathit{DFR(g)}{\mathit{A(g)}\)	"\(\mathit{DFR(g)\) returns the number of unique Directly-Follows Relations (DFR) in group \(g\).
\newline \(\mathit{A(g)\) returns the number of unique activities in group \(g\). \\"
Expected Directly-Follows Relations and Activity count Ratio	F	G	\(\mathit{e\mathit{DFRAR(g)\)	\(\frac{\sum _{c \in g} \mathit{DFR(c)}{\sum _{c \in g} \mathit{A(c)}\)	"\(\mathit{DFR(c)\) returns the number of unique Directly-Follows Relations (DFR) in case \(c\).
\newline \(\mathit{A(c)\) returns the number of unique activities in case \(c\). \\"
Directly-Follows Relations count (case granularity)	F	C	\(\mathit{DFR(c)\)	\(\mathit{count(\mathit{dfrel(c))\)	\(\mathit{dfrel(c)\) returns the set of unique Directly-Follows Relations (DFR) in case \(c\). \\
Directly-Follows Relations count (group of cases granularity)	F	G	\(\mathit{DFR(g)\)	\(\displaystyle \sum_{r \in (\cup_{c \in g} \mathit{dfrel(c))} 1\)	\(\mathit{dfrel(c)\) returns the set of unique Directly-Follows Relations (DFR) in case \(c\). \\
Expected Directly-Follows Relations count	F	G	\(\mathit{e\mathit{DFR(g)\)	\(\frac{\sum _{c \in g} \mathit{DFR(c)}{\mathit{C(g)}\)	"\(\mathit{DFR(c)\) returns the number of unique Directly-Follows Relations (DFR) in case \(c\).
\newline \(\mathit{C(g)\) returns the number of cases in group \(g\). \\"
Human Resource count (activity granularity)	F	A	\(\mathit{HR(a)\)	\(\mathit{count(\mathit{hres(a))\)	$\mathit{hres(a)$ returns the set of human resources that perform activity $a$ in the event log. \\
Human Resource count (case granularity)	F	C	\(\mathit{HR(c)\)	\(\mathit{count(\mathit{hres(c))\)	$\mathit{hres(c)$ returns the set of human resources that work in case $c$. \\
Human Resource count (group of cases granularity)	F	G	\(\mathit{HR(g)\)	\(\mathit{count(\mathit{hres(g))\)	$\mathit{hres(g)$ returns the set of human resources that work in group of cases $g$. \\
Expected Human Resource count	F	G	$e$\(\mathit{HR(g)\)	\(\frac{\sum _{c \in \mathit{cases(g)} \mathit{HR(c)}{\mathit{C(g)}\)	"$\mathit{cases(g)$ returns the set of cases in group of cases $g$.
\newline $\mathit{HR(c)$ returns the human resource count of case $c$.
\newline $\mathit{C(g)$ returns the case count of group of cases $g$. \\"
Optional Activity count (case granularity)	F	C	\(\mathit{OptA(c)\)	"\(\displaystyle \sum_{a \in \mathit{act(c)}
\begin{cases}
1 & \text{if } a \in \mathit{opt(C) \\
0 & \text{otherwise}
\end{cases}
\)"	"\(\mathit{act(c)\) returns the set of activities that occurred in case \(c\).
\newline \(\mathit{opt(C)\) returns the set of optional activities in the event log \(C\). \\"
Optional Activity count (group of cases granularity)	F	G	\(\mathit{OptA(g)\)	"\(\displaystyle \sum_{a \in \mathit{act(g)}
\begin{cases}
1 & \text{if } a \in \mathit{opt(C) \\
0 & \text{otherwise}
\end{cases}
\)"	"\(\mathit{act(c)\) returns the set of activities that occurred in case \(c\).
\newline \(\mathit{opt(C)\) returns the set of optional activities in the event log \(C\). \\"
Expected Optional Activity count	F	G	\(\mathit{e\mathit{OptA(g)\)	\(\frac{\sum _{c \in g} \mathit{OptA(c)}{\mathit{C(g)}\)	"\(\mathit{OptA(c)\) returns the optional activity count for case \(c\).
\newline \(\mathit{C(g)\) returns the number of cases in group \(g\). \\"
Optionality (case granularity)	F	C	\(\mathit{Opt(c)\)	\(\frac{\mathit{OptA(c)}{\mathit{A(c)}\)	"\(\mathit{OptA(c)\) returns the optional activity count for case \(c\).
\newline \(\mathit{A(c)\) returns the number of unique activities in case \(c\). \\"
Optionality (group of cases granularity)	F	G	\(\mathit{Opt(g)\)	\(\frac{\mathit{OptA(g)}{\mathit{A(g)}\)	"\(\mathit{OptA(g)\) returns the optional activity count for group \(g\).
\newline \(\mathit{A(g)\) returns the number of unique activities in group \(g\). \\"
Expected Optionality	F	G	\(\mathit{e\mathit{Opt(g)\)	\(\frac{\sum _{c \in g} \mathit{OptA(c)}{\sum _{c \in g} \mathit{A(c)}\)	"\(\mathit{OptA(c)\) returns the optional activity count for case \(c\).
\newline \(\mathit{A(c)\) returns the number of unique activities in case \(c\). \\"
Role and Variant count Ratio (group of cases granularity)	F	G	\(\mathit{RoleVR(g)\)	\(\frac{\mathit{Role(g)}{\mathit{V(g)}\)	"\(\mathit{Role(g)\) returns the number of unique roles involved in group \(g\).
\newline \(\mathit{V(g)\) returns the number of unique variants in group \(g\). \\"
Role count (case granularity)	F	C	\(\mathit{Role(c)\)	\(\mathit{count(\mathit{role(c))\)	\(\mathit{role(c)\) returns the set of unique roles involved in case \(c\). \\
Role count (group of cases granularity)	F	G	\(\mathit{Role(g)\)	\(\mathit{count(\cup_{c \in g} \mathit{role(c))\)	\(\mathit{role(c)\) returns the set of unique roles involved in case \(c\). \\
Expected Role count	F	G	\(\mathit{e\mathit{Role(g)\)	\(\frac{\sum _{c \in g} \mathit{Role(c)}{\mathit{C(g)}\)	"\(\mathit{Role(c)\) returns the role count for case \(c\).
\newline \(\mathit{C(g)\) returns the number of cases in group \(g\). \\"
Variant Case Coverage (case granularity)	F	C	\(\mathit{VCC(c)\)	"\(\frac{
\sum_{c' \in C}
\begin{cases}
1 & \text{if } \exists tr \in \mathit{trace(c) \land tr' \in \mathit{trace(c') [tr = tr'] \\
0 & \text{otherwise}
\end{cases}
}{\mathit{count(C)}\)"	"$\mathit{trace(c')$ returns the trace (sequence of activities) of case $c'$.
\newline $\mathit{trace(c)$ returns the trace (sequence of activities) of case $c$.
\newline $\mathit{count(C)$ returns the total number of cases in the event log. \\"
Variant Case Coverage (group of cases granularity)	F	G	\(\mathit{VCC(g)\)	"\(\frac{
\sum_{c \in C}
\begin{cases}
1 & \text{if } \exists tr \in \mathit{trace(c) [tr \in \mathit{variants(g)] \\
0 & \text{otherwise}
\end{cases}
}{\mathit{count(C)}\)"	"$\mathit{trace(c)$ returns the trace (sequence of activities) of case $c$.
\newline $\mathit{variants(g)$ returns the set of unique traces (variants) present in group $g$.
\newline $\mathit{count(C)$ returns the total number of cases in the event log. \\"
Variant count (group of cases granularity)	F	G	\(\mathit{V(g)\)	\(\mathit{count(\mathit{variants(g))\)	\(\mathit{variants(g)\) returns the set of unique traces (variants) present in group \(g\). \\
Directly-Follows Relations count (activity granularity)	F	A	\(\mathit{DFR(a)\)	\(\sum_{a \in \mathit{act(a)} \mathit{dfrel(a)\)	"\(\mathit{inst(a)\) returns the set of all instances of activity \(a\).
\newline \(\mathit{dfrel(a)\) returns the set of activities that directly follow activity \(a\) in any case. \\"
